,UnitId,DriverId,Time,Tag,Vin,Lat,Lon,Address,GpsQuality,Heading,SerialNumber,EventIndex,EventCode,FirmwareVersion,Hdop,Vdop,Pdop,NumSatellites,UnitType,OdometerDelta,EngineTimeDelta,AbsEvent,AbsIndicator,AcceleratorPosition,AccelViolationsCount,AdaptiveCruiseEngaged,AirbagDeployed,AirbagLight,AirBrakeEngaged,Altitude,AmbientAirTemp,BrakeIndicator,BrakePedalSwitch,CabinTemperature,Coasting,CoastingTime,CollisionDeceleration,CruiseControlActive,CruiseControlSetSpeed,CurrentGear,DecelViolationsCount,EngineOverspeed,EngineSpeed,EngineTorque,FuelRate,FuelRemaining,HarshAcceleration,HarshBraking,HighEngineTemp,HighWindSpeed,LoadPercent,LostExternalPower,LowBrakeFluid,LowEngineOilPressure,LowFuelLevel,LowTirePressure,MaxAccel,MaxDecel,MilStatus,OBDII_DTC,Panic,Raining,SeatBeltFastened,SeatbeltIndicator,SimCardRemoved,Speed,SpeedingOverMax,SpinOutEvent,StabilityControlEngaged,TotalFuelUsed,TotalHighGearTime,TractionControlEngaged,TrailerCoupled,TripCruiseControlTime,TripDistance,TripDrivingWithoutSeatbeltTime,TripDuration,TripFuelUsed,TripFuelUsed2,TripFullThrottleTime,TripHighGearTime,TripHighRpmTime,TripMaxSpeed,TripOptimalRpmTime,TripSpeedingTime,WindSpeedAlarmCount,WindSpeedPreAlarmCount,YawRate
0,214851489,333555080,5/5/2014 10:52,11163,1FTFW1EF2BKD71941,32.94190335,-97.10442511,US|76092|Texas|Southlake|Tx-114,Excellent,116,9CAN9R1AK,,,,,,,,M,4.9 km,0:03:00,,,0,,,,,,,,,,,,,,TRUE,,,,,,,,,,,,,,,FALSE,FALSE,,FALSE,,,FALSE,OBDII P0316-00,,,,FALSE,,60.9913107382745 mph,,,,,,,,,,,,,,,,,,,,,,
1,228638077,298301408,5/5/2014 10:52,10455,1FT7X2B68CEA59036,28.37661167,-97.70826415,US|78102|Texas|Beeville|Cagle Ln,Excellent,270,9CANA7P2L,,,,,,,,M,0 km,0:02:00,,,0,,,,,,,,,,,,,,FALSE,,,,,,,,,,,,,,,FALSE,FALSE,,TRUE,,,FALSE,"OBDII B11E8-16,OBDII C0049-7B",,,,FALSE,,0 mph,,,,,,,,,,,,,,,,,,,,,,
2,228638077,298301408,5/5/2014 10:53,10455,1FT7X2B68CEA59036,28.37661167,-97.70826415,US|78102|Texas|Beeville|Cagle Ln,Excellent,270,9CANA7P2L,,,,,,,,M,0 km,0:01:00,,,0,,,,,,,,,,,,,,FALSE,,,,,,,,,,,,,,,FALSE,FALSE,,TRUE,,,FALSE,"OBDII B11E8-16,OBDII C0049-7B",,,,FALSE,,1.15077944789197 mph,,,,,,,,0:00:00,,0:00:00,0:02:50,0.218 L,,0:00:00,,0:00:00,,0:00:00,0:00:00,,,
3,216794795,429168140,5/5/2014 10:52,10592,1FT7W2BT1BEB00405,31.99205798,-102.0377695,US|79706|Texas|Midland|Fm-307,Excellent,270,9CANF-HBL,,,,,,,,M,0 km,0:00:00,,,,,,,,,,,,,,,,,FALSE,,,,,,,,,,,,,,,,,,FALSE,,,,"OBDII P0133-00,OBDII P164A-00,OBDII P2A00-00",,,,,,0 mph,,,,,,,,,,,,,,,,,,,,,,
4,216794795,429168140,5/5/2014 10:53,10592,1FT7W2BT1BEB00405,31.99205798,-102.0377695,US|79706|Texas|Midland|Fm-307,Excellent,270,9CANF-HBL,,,,,,,,M,0 km,0:00:00,,,,,,,,,,,,,,,,,FALSE,,,,,,,,,,,,,,,,,,FALSE,,,,"OBDII P0133-00,OBDII P164A-00,OBDII P2A00-00",,,,,,0 mph,,,,,,,,,,,,,,,,,,,,,,
5,612820172,409472158,5/5/2014 10:52,14286,1FT7W2B67EEB42513,31.48345613,-101.5992632,US|76932|Texas|Big Lake|N State Highway 137 [Tx-137],Excellent,346,9CANB3I6N,,,,,,,,M,5.7 km,0:03:00,,,0,,,,,,,,,,,,,,TRUE,,,,,,,,,,,,,,,FALSE,FALSE,,FALSE,,,FALSE,,,,,FALSE,,67.8959874256263 mph,,,,,,,,,,,,,,,,,,,,,,
6,304486836,291324228,5/5/2014 10:53,11939,1FTFW1EFXCKD25310,28.81507241,-97.85735877,US|78119|Texas|Kenedy|W Main St [Tx-239/Tx-72],Excellent,224,9CANDVGBL,,,,,,,,M,2.9 km,0:03:00,,,0,,,,,,,,,,,,,,TRUE,,,,,,,,,,,,,,,FALSE,FALSE,,FALSE,,,FALSE,,,,,FALSE,,24.1663684057314 mph,,,,,,,,,,,,,,,,,,,,,,
7,449910394,316698938,5/5/2014 10:52,12574,1FT7X2B69CEC68611,35.63280556,-101.6195273,US|79036|Texas|Fritch|Cottonwood St,Excellent,270,9CAN6T33M,,,,,,,,M,0 km,0:00:00,,,,,,,,,,,,,,,,,FALSE,,,,,,,,,,,,,,,,,,FALSE,,,,OBDII U0108-00,,,,,,0 mph,,,,,,,,,,,,,,,,,,,,,,
8,449910394,316698938,5/5/2014 10:52,12574,1FT7X2B69CEC68611,35.63280556,-101.6195273,US|79036|Texas|Fritch|Cottonwood St,Excellent,270,9CAN6T33M,,,,,,,,M,0 km,0:00:00,,,,,,,,,,,,,,,,,FALSE,,,,,,,,,,,,,,,,,,FALSE,,,,OBDII U0108-00,,,,,,0 mph,,,,,,,,,,,,,,,,,,,,,,
9,477105484,0,5/5/2014 10:53,12932,1FT7X2BT0DEA92863,32.06366626,-102.0857328,US|79705|Texas|Midland|N Tx-349 [Tx-349-Br],Excellent,165,9CAN8J13M,,,,,,,,M,2.3 km,0:03:00,,,22,,,,,,,,,,,,,,FALSE,,,,,,,,,,,,,,,FALSE,FALSE,,FALSE,,,FALSE,OBDII P132B-00,,,,FALSE,,51.7850751551387 mph,,,,,,,,,,,,,,,,,,,,,,
10,214851561,541275758,5/5/2014 10:53,11176,1FTFW1EF9BKD76683,31.69568862,-102.2753167,US|79766|Texas|Odessa|W Fm-1787 [Fm-1787],Excellent,77,9CAN8M4AK,,,,,,,,M,5.6 km,0:03:00,,,0,,,,,,,,,,,,,,TRUE,,,,,,,,,,,,,,,FALSE,FALSE,,FALSE,,,FALSE,"OBDII U0154-00,OBDII U3003-16",,,,FALSE,,65.5944285298424 mph,,,,,,,,,,,,,,,,,,,,,,
11,529314054,459799928,5/5/2014 10:52,14090,1FT7X2B65DEB58415,31.41134762,-100.5010031,US|76904|Texas|San Angelo|Southwest Blvd,Excellent,18,9CAN5WV1N,,,,,,,,M,1.6 km,0:03:00,,,16,,,,,,,,,,,,,,FALSE,,,,,,,,,,,,,,,FALSE,FALSE,,FALSE,,,FALSE,,,,,FALSE,,42.5788395720029 mph,,,,,,,,,,,,,,,,,,,,,,
12,216794143,447370952,5/5/2014 10:53,10371,1FT7X2BT5BEA35295,32.35651656,-101.875685,US|79783|Texas|Tarzan|State Highway 137 [Tx-137],Excellent,164,4332098580,,,,,,,,L,3.5 km,0:02:00,,,,,,,,,,,,,,,,,,,,,,,,,,,,,,,,,,,,,,,,,,,,,65.5944285298424 mph,,,,,,,,,,,,,,,,,,,,,,
13,304484046,427403614,5/5/2014 10:53,12114,1FT7X2B62CEA89083,31.98094156,-101.7563132,US|79782|Texas|Stanton|State Highway 137 [Tx-137/Rr-1800],Excellent,165,9CAN6CVCK,,,,,,,,M,5.9 km,0:03:00,,,0,,,,,,,,,,,,,,TRUE,,,,,,,,,,,,,,,FALSE,FALSE,,FALSE,,,FALSE,,,,,FALSE,,72.4991052171942 mph,,,,,,,,,,,,,,,,,,,,,,
14,216796719,482069860,5/5/2014 10:52,11522,1FTFX1EV9AKE17607,31.99235302,-102.0366578,US|79706|Texas|Midland|Fm-307,Excellent,270,9CANCLDAJ,,,,,,,,M,0 km,0:00:00,,,,,,,,,,,,,,,,,,,,,,,,,,,,,,,,,,,,,,,,,,,,,0 mph,,,,,,,,,,,,,,,,,,,,,,
15,214851613,429121388,5/5/2014 10:53,11520,1FTFW1EF5BKD76695,32.67102168,-97.3200412,US|76115|Texas|Fort Worth|,Excellent,352,9CANCMI1L,,,,,,,,M,5 km,0:03:00,,,0,,,,,,,,,,,,,,TRUE,,,,,,,,,,,,,,,FALSE,FALSE,,FALSE,,,FALSE,,,,,FALSE,,58.6897518424905 mph,,,,,,,,,,,,,,,,,,,,,,
16,558996706,558379016,5/5/2014 10:53,14172,1FT7X2B68EEA67673,31.84229951,-102.4149418,US|79763|Texas|Odessa|W 14th St,Unreliable,0,9CAN9P68L,,,,,,,,M,0 km,0:00:00,,,,,,,,,,,,,,,,,,,,,,,,,,,,,,,,,,,,,,,,,,,,,0 mph,,,,,,,,,,,,,,,,,,,,,,
17,558996706,558379016,5/5/2014 10:53,14172,1FT7X2B68EEA67673,31.84229951,-102.4149418,US|79763|Texas|Odessa|W 14th St,Unreliable,0,9CAN9P68L,,,,,,,,M,0 km,0:00:00,,,0,,,,,,,,,,,,,,,,,,,,,,,,,,,,,FALSE,FALSE,,,,,FALSE,,,,,TRUE,,0 mph,,,,,,,,,,,,,,,,,,,,,,
18,558996706,558379016,5/5/2014 10:53,14172,1FT7X2B68EEA67673,31.84229951,-102.4149418,US|79763|Texas|Odessa|W 14th St,Unreliable,0,9CAN9P68L,,,,,,,,M,0 km,0:00:00,,,0,,,,,,,,,,,,,,,,,,,,,,,,,,,,,FALSE,FALSE,,,,,FALSE,,,,,TRUE,,0 mph,,,,,,,,,,,,,,,,,,,,,,
19,541302894,0,5/5/2014 10:52,14150,1FTFW1EF3DKF98557,31.87841143,-101.812586,US|79706|Texas|Midland|Fm-1379,Excellent,164,9CAN7VU5N,,,,,,,,M,5.2 km,0:03:00,,,0,,,,,,,,,,,,,,TRUE,,,,,,,,,,,,,,,FALSE,FALSE,,FALSE,,,FALSE,,,,,FALSE,,67.8959874256263 mph,,,,,,,,,,,,,,,,,,,,,,
20,541302894,0,5/5/2014 10:52,14150,1FTFW1EF3DKF98557,31.86184209,-101.8076078,US|79706|Texas|Midland|Fm-1379,Excellent,164,9CAN7VU5N,,,,,,,,M,1.8 km,0:01:00,,,1,,,,,,,,,,,,,,TRUE,,,,,,,,,,,,,,,FALSE,FALSE,,FALSE,,,FALSE,,,,,FALSE,,0 mph,,,,,,,,0:12:43,21.9 km,0:00:00,0:13:11,2.834 L,,0:00:00,,0:00:00,,0:11:01,0:00:00,,,
21,541302894,0,5/5/2014 10:52,14150,1FTFW1EF3DKF98557,31.86184209,-101.8076078,US|79706|Texas|Midland|Fm-1379,Excellent,164,9CAN7VU5N,,,,,,,,M,0 km,0:00:00,,,0,,,,,,,,,,,,,,TRUE,,,,,,,,,,,,,,,FALSE,FALSE,,FALSE,,,FALSE,,,,,FALSE,,67.8959874256263 mph,,,,,,,,,,,,,,,,,,,,,,
22,541302894,0,5/5/2014 10:52,14150,1FTFW1EF3DKF98557,31.86184209,-101.8076078,US|79706|Texas|Midland|Fm-1379,Excellent,164,9CAN7VU5N,,,,,,,,M,0 km,0:00:00,,,0,,,,,,,,,,,,,,TRUE,,,,,,,,,,,,,,,FALSE,FALSE,,FALSE,,,FALSE,,,,,FALSE,,67.8959874256263 mph,,,,,,,,0:00:00,0 km,0:00:00,0:00:00,0 L,,0:00:00,,0:00:00,,0:00:00,0:00:00,,,
23,217469893,487913050,5/5/2014 10:52,10367,1FMJU1G56AEA34556,32.03367245,-102.0055227,US|79705|Texas|Midland|N Cr-1140,Excellent,0,4331088559,,,,,,,,L,0 km,0:00:00,,,,,,,,,,,,,,,,,,,,,,,,,,,,,,,,,,,,,,,,,,,,,0 mph,,,,,,,,,,,,,,,,,,,,,,
24,334681432,427403638,5/5/2014 10:52,12231,1FT7W2B63CEB42148,28.92728933,-96.99515593,US|77904|Texas|Victoria|Us-77 N [Us-77],Excellent,270,9CANL8GBL,,,,,,,,M,0 km,0:00:00,,,,,,,,,,,,,,,,,FALSE,,,,,,,,,,,,,,,,,,FALSE,,,,OBDII C0049-7B,,,,,,0 mph,,,,,,,,,,,,,,,,,,,,,,
25,304478572,362378530,5/5/2014 10:52,11564,1FT7X2B61CEA15945,31.68635587,-101.7330478,US|79739|Texas|Garden City|Sohio,Excellent,211,9CANALM2L,,,,,,,,M,1.8 km,0:03:00,,,0,,,,,,,,,,,,,,FALSE,,,,,,,,,,,,,,,FALSE,FALSE,,FALSE,,,FALSE,OBDII B11E8-16,,,,FALSE,,0 mph,,,,,,,,,,,,,,,,,,,,,,
26,304478572,362378530,5/5/2014 10:53,11564,1FT7X2B61CEA15945,31.68635587,-101.7330478,US|79739|Texas|Garden City|Sohio,Excellent,270,9CANALM2L,,,,,,,,M,0 km,0:01:00,,,0,,,,,,,,,,,,,,FALSE,,,,,,,,,,,,,,,FALSE,FALSE,,FALSE,,,FALSE,OBDII B11E8-16,,,,FALSE,,0 mph,,,,,,,,,,,,,,,,,,,,,,
27,304478572,362378530,5/5/2014 10:53,11564,1FT7X2B61CEA15945,31.68635587,-101.7330478,US|79739|Texas|Garden City|Sohio,Excellent,270,9CANALM2L,,,,,,,,M,0 km,0:00:00,,,,,,,,,,,,,,,,,FALSE,,,,,,,,,,,,,,,,,,FALSE,,,,OBDII B11E8-16,,,,,,0 mph,,,,,,,,0:06:50,,0:00:00,0:13:01,3.302 L,,0:00:00,,0:00:00,,0:09:19,0:00:00,,,
28,304478572,362378530,5/5/2014 10:53,11564,1FT7X2B61CEA15945,31.68635587,-101.7330478,US|79739|Texas|Garden City|Sohio,Excellent,270,9CANALM2L,,,,,,,,M,0 km,0:00:00,,,,,,,,,,,,,,,,,FALSE,,,,,,,,,,,,,,,,,,FALSE,,,,OBDII B11E8-16,,,,,,0 mph,,,,,,,,,,,,,,,,,,,,,,
29,304486346,357716454,5/5/2014 10:52,11640,1FTFW1EF0CKD25283,28.97169733,-98.47857451,US|78064|Texas|Pleasanton|2nd St [Us-281],Excellent,50,9CANI1GBL,,,,,,,,M,1.4 km,0:02:00,,,0,,,,,,,,,,,,,,FALSE,,,,,,,,,,,,,,,FALSE,FALSE,,FALSE,,,FALSE,OBDII C1963,,,,FALSE,,0 mph,,,,,,,,,,,,,,,,,,,,,,
30,304486346,357716454,5/5/2014 10:52,11640,1FTFW1EF0CKD25283,28.97169733,-98.47857451,US|78064|Texas|Pleasanton|2nd St [Us-281],Excellent,50,9CANI1GBL,,,,,,,,M,0 km,0:00:00,,,,,,,,,,,,,,,,,FALSE,,,,,,,,,,,,,,,,,,FALSE,,,,OBDII C1963,,,,,,0 mph,,,,,,,,0:00:00,,0:00:00,0:05:51,0.558 L,,0:00:00,,0:00:00,,0:00:39,0:00:00,,,
31,616646030,584845482,5/5/2014 10:53,14048,1FT7W2B64DEB35789,37.1229471,-104.6685447,US|81082|Colorado|Trinidad|Highway Of Legends [Co-12],Excellent,270,9CAN7SU1N,,,,,,,,M,0 km,0:03:00,,,0,,,,,,,,,,,,,,FALSE,,,,,,,,,,,,,,,FALSE,FALSE,,FALSE,,,FALSE,OBDII B11E8-16,,,,FALSE,,0 mph,,,,,,,,,,,,,,,,,,,,,,
32,233038889,429121416,5/5/2014 10:52,10340,1FT7X2B61CEA33085,32.77066441,-97.79728399,US|76086|Texas|Weatherford|N Main St [Fm-51],Excellent,0,9CAN8NUCK,,,,,,,,M,2.4 km,0:03:00,,,14,,,,,,,,,,,,,,FALSE,,,,,,,,,,,,,,,FALSE,FALSE,,FALSE,,,FALSE,"OBDII U0140-00,OBDII U3003-16",,,,FALSE,,46.0311779156788 mph,,,,,,,,,,,,,,,,,,,,,,
33,427634230,397911820,5/5/2014 10:52,12757,1FT7X2B66CEC95524,28.40036398,-97.74968283,US|78102|Texas|Beeville|W Houston St [Us-59],Excellent,254,9CAN6S13M,,,,,,,,M,0.9 km,0:03:00,,,14,,,,,,,,,,,,,,FALSE,,,,,,,,,,,,,,,FALSE,FALSE,,FALSE,,,FALSE,OBDII C0020-12,,,,FALSE,,32.2218245409752 mph,,,,,,,,,,,,,,,,,,,,,,
34,493696886,729790363,5/5/2014 10:52,12232,1FT7W2B65CEB42152,31.23098113,-101.7434172,US|76932|Texas|Big Lake|W Us Highway 67 [Us-67],Excellent,271,9CANL1GBL,,,,,,,,M,5.7 km,0:03:00,,,0,,,,,,,,,,,,,,TRUE,,,,,,,,,,,,,,,FALSE,FALSE,,FALSE,,,FALSE,OBDII C0049-7B,,,,FALSE,,71.3483257693022 mph,,,,,,,,,,,,,,,,,,,,,,
35,304487956,321213353,5/5/2014 10:52,11992,1FTFW1EF6CKD25370,31.92679983,-102.286008,US|79703|Texas|Midland|Tx-191,Excellent,34,9CAN6H68L,,,,,,,,M,3.8 km,0:02:00,,,0,,,,,,,,,,,,,,TRUE,,,,,,,,,,,,,,,FALSE,FALSE,,FALSE,,,FALSE,OBDII U0401,,,,FALSE,,74.8006641129781 mph,TRUE,,,,,,,,,,,,,,,,,,,,,
36,304487956,321213353,5/5/2014 10:52,11992,1FTFW1EF6CKD25370,31.92820531,-102.2849136,US|79703|Texas|Midland|Tx-191,Excellent,33,9CAN6H68L,,,,,,,,M,0.5 km,0:01:00,,,0,,,,,,,,,,,,,,TRUE,,,,,,,,,,,,,,,FALSE,FALSE,,FALSE,,,FALSE,OBDII U0401,,,,FALSE,,74.8006641129781 mph,,,,,,,,,,,,,,,,,,,,,,
37,575508262,671690917,5/5/2014 10:53,14184,1FT7X2B64EEA67685,31.428267,-100.5103332,US|76904|Texas|San Angelo|Sherwood Way [Us-67],Excellent,319,9CAN5YU5N,,,,,,,,M,2 km,0:02:00,,,0,,,,,,,,,,,,,,FALSE,,,,,,,,,,,,,,,FALSE,FALSE,,TRUE,,,FALSE,,,,,FALSE,,0 mph,,,,,,,,,,,,,,,,,,,,,,
38,575508262,671690917,5/5/2014 10:53,14184,1FT7X2B64EEA67685,31.428267,-100.5103332,US|76904|Texas|San Angelo|Sherwood Way [Us-67],Excellent,319,9CAN5YU5N,,,,,,,,M,0 km,0:00:00,,,,,,,,,,,,,,,,,FALSE,,,,,,,,,,,,,,,,,,TRUE,,,,,,,,,,0 mph,,,,,,,,0:06:01,,0:00:00,0:08:03,1.519 L,,0:00:00,,0:00:00,,0:06:11,0:00:00,,,
39,304481590,395296334,5/5/2014 10:53,12409,1FT7X2B61CEA70962,31.73100795,-101.93753,US|79706|Texas|Midland|Fm-1379,Excellent,75,9CAN7A68L,,,,,,,,M,5.1 km,0:03:00,,,24,,,,,,,,,,,,,,FALSE,,,,,,,,,,,,,,,FALSE,FALSE,,FALSE,,,FALSE,OBDII B11E8-16,,,,FALSE,,62.1420901861664 mph,,,,,,,,,,,,,,,,,,,,,,
40,304481590,395296334,5/5/2014 10:53,12409,1FT7X2B61CEA70962,31.73100795,-101.93753,US|79706|Texas|Midland|Fm-1379,Excellent,75,9CAN7A68L,,,,,,,,M,0 km,0:00:00,,,24,,,,,,,,,,,,,,FALSE,,,,,,,,,,,,,,,FALSE,FALSE,,FALSE,,,FALSE,OBDII B11E8-16,,,,FALSE,,62.1420901861664 mph,,,,,,,,0:08:33,24.3 km,0:00:00,0:15:00,4.072 L,,0:00:00,,0:00:00,,0:13:23,0:00:00,,,
41,217393023,298285704,5/5/2014 10:53,11218,1FTFW1EF0BKD97714,28.4276635,-98.08733273,US|78071|Texas|Three Rivers|I-37,Excellent,327,9CANI4N2L,,,,,,,,M,5.9 km,0:03:00,,,0,,,,,,,,,,,,,,TRUE,,,,,,,,,,,,,,,FALSE,FALSE,,FALSE,,,FALSE,,,,,FALSE,,73.6498846650862 mph,,,,,,,,,,,,,,,,,,,,,,
42,304485720,298200556,5/5/2014 10:53,11938,1FTFW1EF0CKD25249,28.16783924,-97.95830506,US|78383|Texas|Sandia|Fm-534,Excellent,1,9CANC168L,,,,,,,,M,2.8 km,0:03:00,,,16,,,,,,,,,,,,,,FALSE,,,,,,,,,,,,,,,FALSE,FALSE,,FALSE,,,FALSE,OBDII P0316-00,,,,FALSE,,63.2928696340584 mph,,,,,,,,,,,,,,,,,,,,,,
43,652463906,652366334,5/5/2014 10:52,14367,1FT7W2B68FEA13083,32.27741687,-101.3643888,US|79720|Texas|Big Spring|I-20,Excellent,245,9CANAU19N,,,,,,,,M,5.5 km,0:03:00,,,0,,,,,,,,,,,,,,TRUE,,,,,,,,,,,,,,,FALSE,FALSE,,FALSE,,,FALSE,,,,,FALSE,,67.8959874256263 mph,,,,,,,,,,,,,,,,,,,,,,
44,304481200,378325750,5/5/2014 10:53,11947,1FT7X2B64CEA70938,31.9038884,-102.2840272,US|79765|Texas|Odessa|Tx-588-Spur,Excellent,270,9CANHX68L,,,,,,,,M,0 km,0:03:00,,,0,,,,,,,,,,,,,,FALSE,,,,,,,,,,,,,,,FALSE,FALSE,,FALSE,,,TRUE,"OBDII P0442-00,OBDII P0455-00",,,,FALSE,,0 mph,,,,,,,,,,,,,,,,,,,,,,
45,300156808,370206162,5/5/2014 10:52,11989,1FT7X2B6XCEA81636,37.12319387,-104.6685447,US|81082|Colorado|Trinidad|Highway Of Legends [Co-12],Excellent,270,9CAN92TCK,,,,,,,,M,0 km,0:00:00,,,,,,,,,,,,,,,,,FALSE,,,,,,,,,,,,,,,,,,FALSE,,,,"OBDII P0171-00,OBDII P0174-00",,,,,,0 mph,,,,,,,,,,,,,,,,,,,,,,
46,304485702,302788696,5/5/2014 10:52,11974,1FTFW1EF7CKD25247,31.85462158,-102.3439746,US|79761|Texas|Odessa|S Grandview Ave,Excellent,166,9CANCE68L,,,,,,,,M,2.3 km,0:03:00,,,16,,,,,,,,,,,,,,FALSE,,,,,,,,,,,,,,,FALSE,FALSE,,FALSE,,,FALSE,OBDII P0442-00,,,,FALSE,,47.1819573635708 mph,,,,,,,,,,,,,,,,,,,,,,
47,304486304,362406304,5/5/2014 10:53,11830,1FTFW1EF9CKD25282,32.03014937,-101.9869886,US|79706|Texas|Midland|Tx-250-Loop,Excellent,147,9CANDYGBL,,,,,,,,M,4.5 km,0:03:00,,,3,,,,,,,,,,,,,,FALSE,,,,,,,,,,,,,,,FALSE,FALSE,,FALSE,,,FALSE,OBDII P0316-00,,,,FALSE,,48.3327368114628 mph,,,,,,,,,,,,,,,,,,,,,,
48,304487900,514969514,5/5/2014 10:53,11671,1FTFW1EF6CKD25367,29.19908832,-98.20809383,US|78114|Texas|Floresville|Us Highway 181 N [Us-181],Excellent,132,9CANJCHBL,,,,,,,,M,5.1 km,0:03:00,,,0,,,,,,,,,,,,,,TRUE,,,,,,,,,,,,,,,FALSE,FALSE,,FALSE,,,FALSE,,,,,FALSE,,63.2928696340584 mph,,,,,,,,,,,,,,,,,,,,,,
49,304486520,302788758,5/5/2014 10:52,11829,1FTFW1EF7CKD25295,31.73682834,-101.9127772,US|79706|Texas|Midland|Fm-1379,Excellent,74,9CANPKGBL,,,,,,,,M,4.6 km,0:03:00,,,19,,,,,,,,,,,,,,TRUE,,,,,,,,,,,,,,,FALSE,FALSE,,FALSE,,,FALSE,OBDII C1278,,,,FALSE,,65.5944285298424 mph,,,,,,,,,,,,,,,,,,,,,,
50,482401192,615475439,5/5/2014 10:52,12948,1FD8X3H60DEB24993,29.00479445,-97.60510237,US|78164|Texas|Yorktown|Cottonpatch Rd,Excellent,270,9CANBVF2N,,,,,,,,M,0 km,0:03:00,,,0,,,,,,,,,,,,,,FALSE,,,,,,,,,,,,,,,FALSE,FALSE,,FALSE,,,FALSE,OBDII P0456-00,,,,FALSE,,0 mph,,,,,,,,0:00:00,1.6 km,0:00:01,0:08:54,0.619 L,,0:00:00,,0:00:00,,0:00:27,0:00:00,,,
51,482401192,615475439,5/5/2014 10:52,12948,1FD8X3H60DEB24993,29.00479445,-97.60510237,US|78164|Texas|Yorktown|Cottonpatch Rd,Excellent,270,9CANBVF2N,,,,,,,,M,0 km,0:00:00,,,0,,,,,,,,,,,,,,FALSE,,,,,,,,,,,,,,,FALSE,FALSE,,FALSE,,,FALSE,OBDII P0456-00,,,,FALSE,,0 mph,,,,,,,,,,,,,,,,,,,,,,
52,369146728,429694289,5/5/2014 10:53,11934,1FT7W2B68CEB23109,31.35999941,-101.7778085,US|79755|Texas|Midkiff|Fm 1555 [Fm-1555],Excellent,255,9CAN5+8BL,,,,,,,,M,5.3 km,0:03:00,,,22,,,,,,,,,,,,,,FALSE,,,,,,,,,,,,,,,FALSE,FALSE,,FALSE,,,FALSE,OBDII C1B00-63,,,,FALSE,,59.8405312903825 mph,,,,,,,,,,,,,,,,,,,,,,
53,214851081,0,5/5/2014 10:53,11482,1FT7W2B61BEC75327,32.9417223,-103.3579475,US|88260|New Mexico|Lovington|W Avenue F,Excellent,270,9CAN5FUCK,,,,,,,,M,0 km,0:03:00,,,4,,,,,,,,,,,,,,FALSE,,,,,,,,,,,,,,,FALSE,FALSE,,FALSE,,,FALSE,OBDII B11E8-16,,,,FALSE,,1.15077944789197 mph,,,,,,,,0:00:00,,0:00:00,0:04:52,0.247 L,,0:00:00,,0:00:00,,0:00:00,0:00:00,,,
54,519020758,362761326,5/5/2014 10:52,14069,1FT7X2B61DEB58394,31.41977781,-100.528017,US|76904|Texas|San Angelo|Us-67 S [Us-67],Excellent,242,9CANFZJ3N,,,,,,,,M,4.3 km,0:03:00,,,0,,,,,,,,,,,,,,TRUE,,,,,,,,,,,,,,,FALSE,FALSE,,FALSE,,,FALSE,OBDII B1A82-09,,,,FALSE,,72.4991052171942 mph,,,,,,,,,,,,,,,,,,,,,,
55,395307784,395296332,5/5/2014 10:53,12399,1FT7W2AT7CEC68147,31.99983102,-102.1540057,US|79707|Texas|Midland|Tx-250-Loop N,Excellent,344,9CAN78VBL,,,,,,,,M,4.1 km,0:03:00,,,22,,,,,,,,,,,,,,,,,,,,,,,,,,,,,FALSE,FALSE,,TRUE,,,FALSE,OBDII P008A-00,,,,FALSE,,49.4835162593548 mph,,,,,,,,,,,,,,,,,,,,,,
56,395307784,395296332,5/5/2014 10:53,12399,1FT7W2AT7CEC68147,31.99983102,-102.1540057,US|79707|Texas|Midland|Tx-250-Loop N,Excellent,344,9CAN78VBL,,,,,,,,M,0 km,0:00:00,,,22,,,,,,,,,,,,,,,,,,,,,,,,,,,,,FALSE,FALSE,,TRUE,,,FALSE,OBDII P008A-00,,,,FALSE,,49.4835162593548 mph,,,,,,,,,,0:00:00,0:15:00,2.943 L,,0:00:00,,0:00:00,,0:11:26,0:00:00,,,
57,304487550,429168074,5/5/2014 10:52,11644,1FTFW1EF2CKD25351,37.45874226,-101.358944,US|67880|Kansas|Ulysses|,Excellent,270,9CANAC68L,,,,,,,,M,0 km,0:00:00,,,,,,,,,,,,,,,,,,,,,,,,,,,,,,,,,,,,,,,OBDII U0462-82,,,,,,0 mph,,,,,,,,,,,,,,,,,,,,,,
58,304487442,529273724,5/5/2014 10:52,12071,1FTFW1EF5CKD25344,31.34964742,-100.6523642,US|76904|Texas|San Angelo|Us-67 S [Us-67],Excellent,266,9CANF9GBL,,,,,,,,M,5.6 km,0:03:00,,,0,,,,,,,,,,,,,,TRUE,,,,,,,,,,,,,,,FALSE,FALSE,,FALSE,,,FALSE,,,,,FALSE,,73.6498846650862 mph,,,,,,,,,,,,,,,,,,,,,,
59,304487442,529273724,5/5/2014 10:52,12071,1FTFW1EF5CKD25344,31.34964742,-100.6523642,US|76904|Texas|San Angelo|Us-67 S [Us-67],Excellent,266,9CANF9GBL,,,,,,,,M,0 km,0:00:00,,,0,,,,,,,,,,,,,,TRUE,,,,,,,,,,,,,,,FALSE,FALSE,,FALSE,,,FALSE,,,,,FALSE,,73.6498846650862 mph,,,,,,,,0:12:04,24 km,0:00:00,0:15:00,3.591 L,,0:00:00,,0:00:00,,0:12:02,0:00:08,,,
60,558996716,301695689,5/5/2014 10:53,14195,1FT7X2B69EEA67696,31.53929436,-101.9533001,US|79755|Texas|Midkiff|Texas Pecos Trl [Tx-349],Excellent,345,9CANGAS6N,,,,,,,,M,5.7 km,0:03:00,,,0,,,,,,,,,,,,,,TRUE,,,,,,,,,,,,,,,FALSE,FALSE,,FALSE,,,FALSE,OBDII B1A82-13,,,,FALSE,,69.0467668735183 mph,,,,,,,,,,,,,,,,,,,,,,
61,488008112,498969370,5/5/2014 10:52,14020,1FT7X2B65DEB35796,31.41563916,-100.5371365,US|76904|Texas|San Angelo|Us-67 S [Us-67],Excellent,242,9CAN60U1N,,,,,,,,M,4 km,0:03:00,,,0,,,,,,,,,,,,,,TRUE,,,,,,,,,,,,,,,FALSE,FALSE,,FALSE,,,FALSE,OBDII U046B-86,,,,FALSE,,72.4991052171942 mph,,,,,,,,,,,,,,,,,,,,,,
62,626239250,366629796,5/5/2014 10:52,14295,1FT7X2B67EEB46848,31.34381094,-100.7017558,US|76941|Texas|Mertzon|E Us Highway 67 [Us-67],Excellent,255,9CANED19N,,,,,,,,M,5 km,0:03:00,,,0,,,,,,,,,,,,,,FALSE,,,,,,,,,,,,,,,FALSE,FALSE,,FALSE,,,FALSE,OBDII B1A82-09,,,,FALSE,,65.5944285298424 mph,,,,,,,,,,,,,,,,,,,,,,
63,626239250,366629796,5/5/2014 10:53,14295,1FT7X2B67EEB46848,31.33803346,-100.726416,US|76941|Texas|Mertzon|E Us Highway 67 [Us-67],Excellent,254,9CANED19N,,,,,,,,M,2.5 km,0:01:00,,,0,,,,,,,,,,,,,,FALSE,,,,,,,,,,,,,,,FALSE,FALSE,,FALSE,,,FALSE,OBDII B1A82-09,,,,FALSE,,78.253002456654 mph,TRUE,,,,,,,,,,,,,,,,,,,,,
64,481801318,626192406,5/5/2014 10:53,12242,1FT7W2B68CEB42159,29.00484943,-97.60506884,US|78164|Texas|Yorktown|Cottonpatch Rd,Excellent,270,9CANJXGBL,,,,,,,,M,0.7 km,0:03:00,,,0,,,,,,,,,,,,,,FALSE,,,,,,,,,,,,,,,FALSE,FALSE,,FALSE,,,FALSE,OBDII U0462-82,,,,FALSE,,0 mph,,,,,,,,,,,,,,,,,,,,,,
65,417511636,379884397,5/5/2014 10:52,12324,1FT7X2B64CEC11684,37.4936673,-104.8269921,US|81089|Colorado|Walsenburg|,Excellent,270,9CANDDVBL,,,,,,,,M,0 km,0:03:00,,,0,,,,,,,,,,,,,,FALSE,,,,,,,,,,,,,,,FALSE,FALSE,,FALSE,,,FALSE,,,,,FALSE,,0 mph,,,,,,,,,,,,,,,,,,,,,,
66,216794901,301757227,5/5/2014 10:53,11445,1FTFX1CF4BFB09718,31.90607708,-102.3030977,US|79762|Texas|Odessa|Tx-191,Excellent,36,9CANL-HBL,,,,,,,,M,2.6 km,0:03:00,,,16,,,,,,,,,,,,,,FALSE,,,,,,,,,,,,,,,FALSE,FALSE,,FALSE,,,FALSE,OBDII B0097-81,,,,FALSE,,72.4991052171942 mph,,,,,,,,,,,,,,,,,,,,,,
67,216794539,529547828,5/5/2014 10:53,10506,1FT7W2AT3BEA75203,32.0538078,-102.0185864,US|79705|Texas|Midland|E Loop 250 N [Tx-250-Loop],Excellent,117,9CANI668L,,,,,,,,M,4.7 km,0:03:00,,,0,,,,TRUE,,,,,,,,,,,,,,,,,,,,,,,,,FALSE,FALSE,,TRUE,,,FALSE,OBDII B0001-13,,,,FALSE,,59.8405312903825 mph,,,,,,,,,,,,,,,,,,,,,,
68,216794539,529547828,5/5/2014 10:53,10506,1FT7W2AT3BEA75203,32.05209118,-102.0149225,US|79705|Texas|Midland|E Loop 250 N [Tx-250-Loop],Excellent,121,9CANI668L,,,,,,,,M,0.4 km,0:00:00,,,77,,,,TRUE,,,,,,,,,,,,,,,,,,,,,,,,,FALSE,FALSE,,TRUE,,,FALSE,OBDII B0001-13,,,,FALSE,,0 mph,,,,,,,,,,0:00:00,0:12:10,2.262 L,,0:00:00,,0:00:00,,0:02:24,0:00:00,,,
69,216794539,529547828,5/5/2014 10:53,10506,1FT7W2AT3BEA75203,32.05209118,-102.0149225,US|79705|Texas|Midland|E Loop 250 N [Tx-250-Loop],Excellent,121,9CANI668L,,,,,,,,M,0 km,0:00:00,,,0,,,,TRUE,,,,,,,,,,,,,,,,,,,,,,,,,FALSE,FALSE,,TRUE,,,FALSE,OBDII B0001-13,,,,FALSE,,59.8405312903825 mph,,,,,,,,,,,,,,,,,,,,,,
70,216794539,529547828,5/5/2014 10:53,10506,1FT7W2AT3BEA75203,32.05209118,-102.0149225,US|79705|Texas|Midland|E Loop 250 N [Tx-250-Loop],Excellent,121,9CANI668L,,,,,,,,M,0 km,0:00:00,,,0,,,,TRUE,,,,,,,,,,,,,,,,,,,,,,,,,FALSE,FALSE,,TRUE,,,FALSE,OBDII B0001-13,,,,FALSE,,59.8405312903825 mph,,,,,,,,,,0:00:00,0:00:00,0 L,,0:00:00,,0:00:00,,0:00:00,0:00:00,,,
71,395307786,0,5/5/2014 10:53,12405,1FT7W2AT1CEC68144,32.03277794,-102.0063394,US|79706|Texas|Midland|E Highway 80,Unreliable,0,9CAN5E33M,,,,,,,,M,0 km,0:00:00,,,,,,,,,,,,,,,,,FALSE,,,,,,,,,,,,,,,,,,FALSE,,,,OBDII P2043-00,,,,,,0 mph,,,,,,,,,,,,,,,,,,,,,,
72,395307786,0,5/5/2014 10:53,12405,1FT7W2AT1CEC68144,32.03277794,-102.0063394,US|79706|Texas|Midland|E Highway 80,Unreliable,0,9CAN5E33M,,,,,,,,M,0 km,0:00:00,,,0,,,,,,,,,,,,,,FALSE,,,,,,,,,,,,,,,,FALSE,,FALSE,,,TRUE,OBDII P2043-00,,,,TRUE,,0 mph,,,,,,,,,,,,,,,,,,,,,,
73,395307786,0,5/5/2014 10:53,12405,1FT7W2AT1CEC68144,32.03277794,-102.0063394,US|79706|Texas|Midland|E Highway 80,Unreliable,0,9CAN5E33M,,,,,,,,M,0 km,0:00:00,,,0,,,,,,,,,,,,,,FALSE,,,,,,,,,,,,,,,FALSE,FALSE,,FALSE,,,TRUE,OBDII P2043-00,,,,TRUE,,0 mph,,,,,,,,,,,,,,,,,,,,,,
74,395307786,0,5/5/2014 10:53,12405,1FT7W2AT1CEC68144,32.03373951,-102.0066224,US|79705|Texas|Midland|N Cr-1140,Excellent,270,9CAN5E33M,,,,,,,,M,0 km,0:00:00,,,0,,,,,,,,,,,,,,FALSE,,,,,,,,,,,,,,,FALSE,FALSE,,FALSE,,,TRUE,OBDII P2043-00,,,,FALSE,,3.45233834367591 mph,,,,,,,,,,,,,,,,,,,,,,
75,404057920,429175922,5/5/2014 10:53,12536,1FT7W2AT5CEC68146,32.03311724,-102.0058888,US|79705|Texas|Midland|N Cr-1140,Excellent,344,9CAN5LG2M,,,,,,,,M,4.1 km,0:03:00,,,0,,,,,,,,,,,,,,,,,,,,,,,,,,,,,FALSE,FALSE,,TRUE,,,FALSE,OBDII P008A-00,,,,FALSE,,10.3570150310277 mph,,,,,,,,,,,,,,,,,,,,,,
76,298031476,298035762,5/5/2014 10:53,10460,1FT7X2B69CEA59045,31.98289421,-102.0392501,US|79701|Texas|Midland|,Excellent,108,9CANH0N2L,,,,,,,,M,2.2 km,0:03:00,,,36,,,,,,,,,,,,,,FALSE,,,,,,,,,,,,,,,FALSE,FALSE,,FALSE,,,FALSE,OBDII P068A-00,,,,FALSE,,28.7694861972993 mph,,,,,,,,,,,,,,,,,,,,,,
77,304485300,357566588,5/5/2014 10:53,12005,1FTFW1EF2CKD25222,28.81597765,-97.8332779,US|78119|Texas|Kenedy|E State Highway 72 [Tx-72/Tx-239],Excellent,293,9CANCD68L,,,,,,,,M,4.1 km,0:03:00,,,0,,,,,,,,,,,,,,FALSE,,,,,,,,,,,,,,,FALSE,FALSE,,FALSE,,,FALSE,,,,,FALSE,,54.0866340509226 mph,,,,,,,,,,,,,,,,,,,,,,
78,611094274,589387470,5/5/2014 10:52,14111,1FT7W2B66DEB77185,31.30385541,-101.7337223,US|76932|Texas|Big Lake|Fm-1555,Excellent,332,9CAN6HJ3N,,,,,,,,M,5.6 km,0:03:00,,,0,,,,,,,,,,,,,,TRUE,,,,,,,,,,,,,,,FALSE,FALSE,,FALSE,,,FALSE,,,,,FALSE,,69.0467668735183 mph,,,,,,,,,,,,,,,,,,,,,,
79,214851203,529547844,5/5/2014 10:52,11014,1FT7W2AT7BED04109,32.03078908,-101.9882385,US|79706|Texas|Midland|E Interstate 20,Excellent,29,9CANCNI1L,,,,,,,,M,4.9 km,0:02:00,,,0,,,,,,,,,,,,,,FALSE,,,,,,,,,,TRUE,,,,,FALSE,FALSE,,TRUE,,,FALSE,OBDII P06EA-00,,,,FALSE,,10.3570150310277 mph,,,,,,,,,,,,,,,,,,,,,,
80,529314050,362761368,5/5/2014 10:52,14089,1FT7X2B63DEB58414,31.42342829,-100.4960142,US|76904|Texas|San Angelo|Tx-306-Loop E,Excellent,306,9CANFEU1N,,,,,,,,M,1.4 km,0:03:00,,,0,,,,,,,,,,,,,,FALSE,,,,,,,,,,,,,,,FALSE,FALSE,,FALSE,,,FALSE,OBDII B1A82-09,,,,FALSE,,3.45233834367591 mph,,,,,,,,,,,,,,,,,,,,,,
81,529314050,362761368,5/5/2014 10:53,14089,1FT7X2B63DEB58414,31.42343366,-100.4962503,US|76904|Texas|San Angelo|Southwest Blvd,Excellent,90,9CANFEU1N,,,,,,,,M,0 km,0:01:00,,,0,,,,,,,,,,,,,,FALSE,,,,,,,,,,,,,,,FALSE,FALSE,,FALSE,,,FALSE,OBDII B1A82-09,,,,FALSE,,0 mph,,,,,,,,,,,,,,,,,,,,,,
82,529314050,362761368,5/5/2014 10:53,14089,1FT7X2B63DEB58414,31.42343366,-100.4962503,US|76904|Texas|San Angelo|Southwest Blvd,Excellent,90,9CANFEU1N,,,,,,,,M,0 km,0:00:00,,,,,,,,,,,,,,,,,FALSE,,,,,,,,,,,,,,,,,,FALSE,,,,OBDII B1A82-09,,,,,,0 mph,,,,,,,,0:00:00,,0:00:00,0:03:26,0.384 L,,0:00:00,,0:00:00,,0:00:44,0:00:00,,,
83,676341401,556270534,5/5/2014 10:52,14192,1FT7X2B63EEA67693,31.88260239,-102.3156719,US|79762|Texas|Odessa|E University Blvd,Excellent,270,9CAN83S6N,,,,,,,,M,0 km,0:00:00,,,,,,,,,,,,,,,,,,,,,,,,,,,,,,,,,,,FALSE,,,,,,,,,,0 mph,,,,,,,,,,,,,,,,,,,,,,
84,604417830,609159016,5/5/2014 10:52,14276,1FTFW1EF5EKD40638,32.30718671,-102.5528918,US|79714|Texas|Andrews|SW 7th Pl,Excellent,0,9CANBHX8N,,,,,,,,M,0.7 km,0:00:00,,,,,,,,,,,,,,,,,,,,,,,,,,,,,,,,,,,,,,,,,,,,,0 mph,,,,,,,,,,,,,,,,,,,,,,
85,590306086,690713753,5/5/2014 10:52,14236,1FMJU1J53EEF07585 ,32.02680734,-101.9001078,US|79706|Texas|Midland|Fm-307,Excellent,255,4661043338,,,,,,,,L,1.3 km,0:01:00,,,,,,,,,,,,,,,,,,,,,,,,,,,,,,,,,,,,,,,,,,,,,44.8803984677869 mph,,,,,,,,,,,,,,,,,,,,,,
86,304486798,360616735,5/5/2014 10:53,11642,1FTFW1EF1CKD25308,31.19165055,-101.4301888,US|76932|Texas|Big Lake|E Us Highway 67 [Us-67],Unreliable,0,9CANM068L,,,,,,,,M,0 km,0:00:00,,,,,,,,,,,,,,,,,,,,,,,,,,,,,,,,,,,,,,,,,,,,,0 mph,,,,,,,,,,,,,,,,,,,,,,
87,304486798,360616735,5/5/2014 10:53,11642,1FTFW1EF1CKD25308,31.19165055,-101.4301888,US|76932|Texas|Big Lake|E Us Highway 67 [Us-67],Unreliable,0,9CANM068L,,,,,,,,M,0 km,0:00:00,,,0,,,,,,,,,,,,,,,,,,,,,,,,,,,,,,FALSE,,,,,FALSE,,,,,TRUE,,2.30155889578394 mph,,,,,,,,,,,,,,,,,,,,,,
88,304486798,360616735,5/5/2014 10:53,11642,1FTFW1EF1CKD25308,31.19165055,-101.4301888,US|76932|Texas|Big Lake|E Us Highway 67 [Us-67],Unreliable,0,9CANM068L,,,,,,,,M,0 km,0:00:00,,,0,,,,,,,,,,,,,,,,,,,,,,,,,,,,,FALSE,FALSE,,,,,FALSE,,,,,TRUE,,1.15077944789197 mph,,,,,,,,,,,,,,,,,,,,,,
89,547034088,301695713,5/5/2014 10:53,14153,1FTFW1EF3DKF98560,28.94126901,-97.11658625,US|77904|Texas|Victoria|Us-87 N [Us-87],Excellent,320,9CAN88I6N,,,,,,,,M,5.1 km,0:03:00,,,0,,,,,,,,,,,,,,TRUE,,,,,,,,,,,,,,,FALSE,FALSE,,FALSE,,,FALSE,OBDII C1278,,,,FALSE,,67.8959874256263 mph,,,,,,,,,,,,,,,,,,,,,,
90,276474568,362016838,5/5/2014 10:53,11071,1FT7X2B62BED04170,31.81720879,-101.9546747,US|79706|Texas|Midland|Salt Lake Rd,Excellent,270,9CAND1I1L,,,,,,,,M,0.4 km,0:03:00,,,0,,,,,,,,,,,,,,FALSE,,,,,,,,,,,,,,,FALSE,FALSE,,FALSE,,,FALSE,,,,,FALSE,,0 mph,,,,,,,,,,,,,,,,,,,,,,
91,608144540,728492447,5/5/2014 10:52,14278,1FTFW1EF3EKD40640,28.54319698,-98.1842329,US|78071|Texas|Three Rivers|I-37 N,Excellent,190,9CAN8LT6N,,,,,,,,M,0 km,0:03:00,,,0,,,,,,,,,,,,,,TRUE,,,,,,,,,,,,,,,FALSE,FALSE,,FALSE,,,FALSE,"OBDII B00A0-63,OBDII B00A0-68",,,,FALSE,,0 mph,,,,,,,,,,,,,,,,,,,,,,
92,652136846,656201235,5/5/2014 10:52,14226,1FT7X2B63EEA86003,28.74265276,-97.02294496,US|77905|Texas|Victoria|Texas Independence Trl [Us-59],Excellent,234,9CANJ6S6N,,,,,,,,M,5.1 km,0:03:00,,,0,,,,,,,,,,,,,,TRUE,,,,,,,,,,,,,,,FALSE,FALSE,,FALSE,,,FALSE,,,,,FALSE,,67.8959874256263 mph,,,,,,,,,,,,,,,,,,,,,,
93,427628036,302790962,5/5/2014 10:52,12733,1FT7X2B68CEC77414,35.21742524,-101.7054331,US|79111|Texas|Amarillo|,Excellent,78,9CANLS13M,,,,,,,,M,0.8 km,0:03:00,,,0,,,,,,,,,,,,,,FALSE,,,,,,,,,,,,,,,FALSE,FALSE,,FALSE,,,FALSE,OBDII U0108-00,,,,FALSE,,0 mph,,,,,,,,,,,,,,,,,,,,,,
94,427628036,302790962,5/5/2014 10:52,12733,1FT7X2B68CEC77414,35.21742524,-101.7054331,US|79111|Texas|Amarillo|,Excellent,78,9CANLS13M,,,,,,,,M,0 km,0:00:00,,,,,,,,,,,,,,,,,FALSE,,,,,,,,,,,,,,,,,,FALSE,,,,OBDII U0108-00,,,,,,0 mph,,,,,,,,0:00:15,,0:00:00,0:02:50,0.192 L,,0:00:00,,0:00:00,,0:00:02,0:00:00,,,
95,427628036,302790962,5/5/2014 10:53,12733,1FT7X2B68CEC77414,35.21742524,-101.7054331,US|79111|Texas|Amarillo|,Excellent,270,9CANLS13M,,,,,,,,M,0 km,0:00:00,,,,,,,,,,,,,,,,,FALSE,,,,,,,,,,,,,,,,,,FALSE,,,,OBDII U0108-00,,,,,,0 mph,,,,,,,,,,,,,,,,,,,,,,
96,304479172,302789154,5/5/2014 10:53,11840,1FT7X2B69CEA70840,33.39302813,-97.72968562,US|76225|Texas|Alvord|N Us Highway 287 [Us-287/Us-81],Excellent,270,9CAN5X68L,,,,,,,,M,0 km,0:03:00,,,0,,,,,,,,,,,,,,FALSE,,,,,,,,,,,,,,,FALSE,FALSE,,FALSE,,,FALSE,OBDII B0091-93,,,,FALSE,,0 mph,,,,,,,,,,,,,,,,,,,,,,
97,304480556,366629864,5/5/2014 10:52,12375,1FT7X2B64CEA70907,32.03304213,-102.0076912,US|79706|Texas|Midland|E Highway 80,Excellent,322,9CAN664AK,,,,,,,,M,0.6 km,0:03:00,,,0,,,,,,,,,,,,,,FALSE,,,,,,,,,,,,,,,FALSE,FALSE,,FALSE,,,FALSE,OBDII P2254-00,,,,FALSE,,0 mph,,,,,,,,,,,,,,,,,,,,,,
98,304480556,366629864,5/5/2014 10:52,12375,1FT7X2B64CEA70907,32.03304213,-102.0076912,US|79706|Texas|Midland|E Highway 80,Excellent,9,9CAN664AK,,,,,,,,M,0 km,0:00:00,,,0,,,,,,,,,,,,,,FALSE,,,,,,,,,,,,,,,FALSE,FALSE,,FALSE,,,FALSE,OBDII P2254-00,,,,FALSE,,0 mph,,,,,,,,,,,,,,,,,,,,,,
99,304480556,366629864,5/5/2014 10:52,12375,1FT7X2B64CEA70907,32.03304213,-102.0076912,US|79706|Texas|Midland|E Highway 80,Excellent,9,9CAN664AK,,,,,,,,M,0 km,0:00:00,,,,,,,,,,,,,,,,,FALSE,,,,,,,,,,,,,,,,,,FALSE,,,,OBDII P2254-00,,,,,,0 mph,,,,,,,,0:00:00,,0:00:00,0:03:10,0.184 L,,0:00:00,,0:00:00,,0:00:04,0:00:00,,,
100,304483234,412220442,5/5/2014 10:52,12192,1FT7X2B63CEA89030,37.31423556,-104.5167772,US|81082|Colorado|Trinidad|S Blackhills Dr,Excellent,270,9CANFNTCK,,,,,,,,M,0 km,0:00:00,,,,,,,,,,,,,,,,,,,,,,,,,,,,,,,,,,,,,,,OBDII B11E8-16,,,,,,0 mph,,,,,,,,,,,,,,,,,,,,,,
101,460759436,534477538,5/5/2014 10:53,12822,1FDUF5HT8DEA68983,31.99297261,-102.036922,US|79706|Texas|Midland|Fm-307,Excellent,270,9CANKV13M,,,,,,,,M,0 km,0:00:00,,,,,,,,,,,,,,,,,,,,,,,,,,,,,,,,,,,,,,,OBDII P06EA-00,,,,,,0 mph,,,,,,,,,,,,,,,,,,,,,,
102,276473840,362761346,5/5/2014 10:52,10294,1FT7X2B6XCEA15958,31.19583346,-101.4606533,US|76932|Texas|Big Lake|N Plaza Ave,Excellent,270,9CANC1N2L,,,,,,,,M,0 km,0:03:00,,,0,,,,,,,,,,,,,,FALSE,,,,,,,,,,,,,,,FALSE,FALSE,,FALSE,,,FALSE,OBDII B11E8-16,,,,FALSE,,0 mph,,,,,,,,,,,,,,,,,,,,,,
103,276473840,362761346,5/5/2014 10:52,10294,1FT7X2B6XCEA15958,31.19583346,-101.4606533,US|76932|Texas|Big Lake|N Plaza Ave,Excellent,270,9CANC1N2L,,,,,,,,M,0 km,0:00:00,,,0,,,,,,,,,,,,,,FALSE,,,,,,,,,,,,,,,FALSE,FALSE,,FALSE,,,FALSE,OBDII B11E8-16,,,,FALSE,,0 mph,,,,,,,,0:00:00,0 km,0:00:00,0:15:00,0.441 L,,0:00:00,,0:00:00,,0:00:00,0:00:00,,,
104,298031540,429121394,5/5/2014 10:53,10454,1FT7W2B62CEA58810,37.16979993,-104.5289196,US|81082|Colorado|Trinidad|Lawrence St,Excellent,270,9CANA3P2L,,,,,,,,M,0 km,0:02:00,,,0,,,,,,,,,,,,,,FALSE,,,,,,,,,,,,,,,FALSE,FALSE,,FALSE,,,FALSE,OBDII B0091-93,,,,FALSE,,1.15077944789197 mph,,,,,,,,0:00:00,0 km,0:00:00,0:02:06,0.06 L,,0:00:00,,0:00:00,,0:00:00,0:00:00,,,
105,427635396,478657972,5/5/2014 10:53,12765,1FT7W2BT9DEA19798,28.54322514,-98.18436165,US|78071|Texas|Three Rivers|I-37 N,Excellent,270,9CANBX23M,,,,,,,,M,0 km,0:03:00,,,0,,,,,,,,,,,,,,,,,,,,,,,,,,,,,FALSE,FALSE,,FALSE,,,FALSE,OBDII P20EE-00,,,,FALSE,,0 mph,,,,,,,,,,,,,,,,,,,,,,
106,304485218,362761362,5/5/2014 10:52,12002,1FTFW1EF9CKD25217,31.39239781,-100.584275,US|76904|Texas|San Angelo|Us-67 S [Us-67],Excellent,53,9CANFL68L,,,,,,,,M,5.2 km,0:03:00,,,0,,,,,,,,,,,,,,FALSE,,,,,,,,,,,,,,,FALSE,FALSE,,FALSE,,,FALSE,OBDII C1963,,,,FALSE,,50.6342957072467 mph,,,,,,,,,,,,,,,,,,,,,,
107,304485218,362761362,5/5/2014 10:53,12002,1FTFW1EF9CKD25217,31.39371612,-100.5815754,US|76904|Texas|San Angelo|Us-67 S [Us-67],Excellent,276,9CANFL68L,,,,,,,,M,0.4 km,0:01:00,,,0,,,,,,,,,,,,,,FALSE,,,,,,,,,,,,,,,FALSE,FALSE,,FALSE,,,FALSE,OBDII C1963,,,,FALSE,,0 mph,,,,,,,,,,,,,,,,,,,,,,
108,304485218,362761362,5/5/2014 10:53,12002,1FTFW1EF9CKD25217,31.39371612,-100.5815754,US|76904|Texas|San Angelo|Us-67 S [Us-67],Excellent,276,9CANFL68L,,,,,,,,M,0 km,0:00:00,,,,,,,,,,,,,,,,,FALSE,,,,,,,,,,,,,,,,,,FALSE,,,,OBDII C1963,,,,,,0 mph,,,,,,,,0:08:44,,0:00:00,0:10:14,1.817 L,,0:00:00,,0:00:00,,0:08:57,0:00:00,,,
109,216794343,514621416,5/5/2014 10:52,10441,1FT7X2B62BEA57295,32.05449981,-102.0203244,US|79705|Texas|Midland|E Loop 250 N [Tx-250-Loop],Excellent,117,4332099673,,,,,,,,L,3 km,0:02:00,,,,,,,,,,,,,,,,,,,,,,,,,,,,,,,,,,,,,,,,,,,,,55.2374134988146 mph,,,,,,,,,,,,,,,,,,,,,,
110,276474238,523947556,5/5/2014 10:53,10452,1FT7W2B64CEA58808,33.18928887,-97.28684215,US|76259|Texas|Ponder|N Hwy 156 [Fm-156],Excellent,258,9CAN63N2L,,,,,,,,M,1.9 km,0:02:00,,,0,,,,,,,,,,,,,,FALSE,,,,,,,,,,,,,,,FALSE,FALSE,,FALSE,,,FALSE,OBDII B11E8-16,,,,FALSE,,0 mph,,,,,,,,,,,,,,,,,,,,,,
111,276474238,523947556,5/5/2014 10:53,10452,1FT7W2B64CEA58808,33.18928887,-97.28684215,US|76259|Texas|Ponder|N Hwy 156 [Fm-156],Excellent,258,9CAN63N2L,,,,,,,,M,0 km,0:00:00,,,,,,,,,,,,,,,,,FALSE,,,,,,,,,,,,,,,,,,FALSE,,,,OBDII B11E8-16,,,,,,0 mph,,,,,,,,0:00:00,,0:00:00,0:08:37,1.11 L,,0:00:00,,0:00:00,,0:00:44,0:00:00,,,
112,518205786,519241178,5/5/2014 10:52,14058,1FT7X2B67DEB58383,32.01727477,-102.1567724,US|79707|Texas|Midland|Tx-250-Loop,Excellent,40,9CANFTF2N,,,,,,,,M,4.1 km,0:03:00,,,0,,,,,,,,,,,,,,TRUE,,,,,,,,,,,,,,,FALSE,FALSE,,FALSE,,,FALSE,OBDII P0532-00,,,,FALSE,,60.9913107382745 mph,,,,,,,,,,,,,,,,,,,,,,
113,216794337,302789474,5/5/2014 10:53,10438,1FT7X2BT2BEA55715,32.02215371,-102.0545897,US|79705|Texas|Midland|N Fairgrounds Rd,Excellent,165,4332098589,,,,,,,,L,2.3 km,0:02:00,,,,,,,,,,,,,,,,,,,,,,,,,,,,,,,,,,,,,,,,,,,,,50.6342957072467 mph,,,,,,,,,,,,,,,,,,,,,,
114,304427650,399762366,5/5/2014 10:52,11539,1FTFW1EF0BKE10493,30.90603551,-101.1611753,US|76943|Texas|Ozona|State Highway 163 N [Tx-163],Excellent,0,9CANBYN2L,,,,,,,,M,5.6 km,0:03:00,,,0,,,,,,,,,,,,,,TRUE,,,,,,,,,,,,,,,FALSE,FALSE,,FALSE,,,FALSE,"OBDII B00A0-68,OBDII B1211-13",,,,FALSE,,55.2374134988146 mph,,,,,,,,,,,,,,,,,,,,,,
115,304487344,260069507,5/5/2014 10:52,11931,1FTFW1EF8CKD25337,33.55309165,-97.83205884,US|76230|Texas|Bowie|Pelham St [Fm-3043],Excellent,224,9CAN7468L,,,,,,,,M,0.4 km,0:02:00,,,20,,,,,,,,,,,,,,FALSE,,,,,,,,,,,,,,,FALSE,FALSE,,FALSE,,,FALSE,OBDII P0443-00,,,,FALSE,,28.7694861972993 mph,,,,,,,,,,,,,,,,,,,,,,
116,276473910,0,5/5/2014 10:53,10338,1FT7X2B66CEA33082,29.1631105,-97.95387539,US|78160|Texas|Stockdale|Wiatrek Ln,Excellent,270,9CAN6TM2L,,,,,,,,M,0 km,0:00:00,,,,,,,,,,,,,,,,,,,,,,,,,,,,,,,,,,,,,,,"OBDII P068A-00,OBDII P06B6-00",,,,,,0 mph,,,,,,,,,,,,,,,,,,,,,,
117,225470533,302801026,5/5/2014 10:52,11256,1FTFW1EFXBKE10503,32.03901676,-102.1076666,US|79705|Texas|Midland|Tx-250-Loop,Excellent,74,9CAN79N2L,,,,,,,,M,4.2 km,0:03:00,,,16,,,,,,,,,,,,,,FALSE,,,,,,,,,,,,,,,FALSE,FALSE,,FALSE,,,FALSE,OBDII B1A82-23,,,,FALSE,,57.5389723945986 mph,,,,,,,,,,,,,,,,,,,,,,
118,216795401,345089820,5/5/2014 10:53,11459,1FTFW1EF0BFB59211,32.01725063,-102.0707915,US|79701|Texas|Midland|E Golf Course Rd,Excellent,115,9CANPSHBL,,,,,,,,M,1.2 km,0:03:00,,,10,,,,,,,,,,,,,,FALSE,,,,,,,,,,,,,,,FALSE,FALSE,,FALSE,,,FALSE,OBDII P0316-00,,,,FALSE,,9.20623558313577 mph,,,,,,,,,,,,,,,,,,,,,,
119,304483582,519792542,5/5/2014 10:52,12212,1FT7X2B65CEA89059,36.9915725,-104.4816108,US|87740|New Mexico|Raton|Santa Fe Trl [I-25/Us-87],Excellent,36,9CAN7J68L,,,,,,,,M,5.2 km,0:03:00,,,0,,,,,,,,,,,,,,TRUE,,,,,,,,,,,,,,,FALSE,FALSE,,FALSE,,,FALSE,OBDII P144A-00,,,,FALSE,,65.5944285298424 mph,,,,,,,,,,,,,,,,,,,,,,
120,304487256,362761332,5/5/2014 10:53,12063,1FTFW1EF7CKD25331,31.04087553,-101.1656975,US|76943|Texas|Ozona|State Highway 163 N [Tx-163],Excellent,2,9CANIAGBL,,,,,,,,M,5.9 km,0:03:00,,,0,,,,,,,,,,,,,,TRUE,,,,,,,,,,,,,,,FALSE,FALSE,,FALSE,,,FALSE,OBDII B1676,,,,FALSE,,73.6498846650862 mph,,,,,,,,,,,,,,,,,,,,,,
121,633179506,304420194,5/5/2014 10:53,14338,1FTFW1EF0EKD61851,32.06576911,-101.9373838,US|79706|Texas|Midland|I-20 E,Excellent,239,9CAN5JX8N,,,,,,,,M,4.4 km,0:03:00,,,14,,,,,,,,,,,,,,TRUE,,,,,,,,,,,,,,,FALSE,FALSE,,FALSE,,,FALSE,,,,,FALSE,,58.6897518424905 mph,,,,,,,,,,,,,,,,,,,,,,
122,633179506,304420194,5/5/2014 10:53,14338,1FTFW1EF0EKD61851,32.06576911,-101.9373838,US|79706|Texas|Midland|I-20 E,Excellent,239,9CAN5JX8N,,,,,,,,M,0 km,0:00:00,,,14,,,,,,,,,,,,,,TRUE,,,,,,,,,,,,,,,FALSE,FALSE,,FALSE,,,FALSE,,,,,FALSE,,58.6897518424905 mph,,,,,,,,0:14:57,24.6 km,0:00:00,0:15:00,3.267 L,,0:00:00,,0:00:00,,0:13:03,0:00:16,,,
123,216794035,302789110,5/5/2014 10:53,10304,1FTFW1EF2BFA19449,32.03293887,-102.0074968,US|79706|Texas|Midland|E Highway 80,Excellent,270,9CANCJ1AK,,,,,,,,M,0 km,0:00:00,,,,,,,,,,,,,,,,,TRUE,,,,,,,,,,,,,,,,,,FALSE,,,,OBDII C1963,,,,,,0 mph,,,,,,,,,,,,,,,,,,,,,,
124,510559876,224966719,5/5/2014 10:53,14067,1FT7X2B68DEB58392,28.75943936,-97.0877364,US|77905|Texas|Victoria|,Excellent,217,9CAN92F2N,,,,,,,,M,4.7 km,0:03:00,,,51,,,,,,,,,,,,,,FALSE,,,,,,,,,,,,,,,FALSE,FALSE,,FALSE,,,FALSE,,,,,FALSE,,36.8249423325431 mph,,,,,,,,,,,,,,,,,,,,,,
125,510559876,224966719,5/5/2014 10:53,14067,1FT7X2B68DEB58392,28.75943936,-97.0877364,US|77905|Texas|Victoria|,Excellent,217,9CAN92F2N,,,,,,,,M,0 km,0:00:00,,,51,,,,,,,,,,,,,,FALSE,,,,,,,,,,,,,,,FALSE,FALSE,,FALSE,,,FALSE,,,,,FALSE,,36.8249423325431 mph,,,,,,,,0:00:00,20.6 km,0:00:00,0:15:00,3.699 L,,0:00:00,,0:00:00,,0:10:48,0:00:00,,,
126,216796309,429121396,5/5/2014 10:52,11098,1FTFW1EF6BKD09524,32.03277391,-102.1318882,US|79707|Texas|Midland|Tx-250-Loop,Excellent,74,4332100490,,,,,,,,L,3 km,0:02:00,,,,,,,,,,,,,,,,,,,,,,,,,,,,,,,,,,,,,,,,,,,,,59.8405312903825 mph,,,,,,,,,,,,,,,,,,,,,,
127,449910408,463268590,5/5/2014 10:53,12827,1FT7X2BT0CED16017,31.99132708,-102.0282893,US|79701|Texas|Midland|I-20,Excellent,44,9CANC+1AK,,,,,,,,M,5.6 km,0:03:00,,,0,,,,,,,,,,,,,,,,,,,,,,,,,,,,,FALSE,FALSE,,TRUE,,,TRUE,OBDII P0460-13,,,,FALSE,,71.3483257693022 mph,,,,,,,,,,,,,,,,,,,,,,
128,449910408,463268590,5/5/2014 10:53,12827,1FT7X2BT0CED16017,31.99132708,-102.0282893,US|79701|Texas|Midland|I-20,Excellent,44,9CANC+1AK,,,,,,,,M,0 km,0:00:00,,,0,,,,,,,,,,,,,,,,,,,,,,,,,,,,,FALSE,FALSE,,TRUE,,,TRUE,OBDII P0460-13,,,,FALSE,,71.3483257693022 mph,,,,,,,,,,0:00:00,0:15:00,3.205 L,,0:00:00,,0:00:00,,0:15:00,0:00:00,,,
129,334681408,315552110,5/5/2014 10:52,11958,1FT7W2B66CEB42161,37.16994477,-104.5296384,US|81082|Colorado|Trinidad|Lawrence St,Excellent,270,9CAN5VHBL,,,,,,,,M,0 km,0:03:00,,,0,,,,,,,,,,,,,,FALSE,,,,,,,,,,,,,,,FALSE,FALSE,,FALSE,,,FALSE,OBDII B11E8-16,,,,FALSE,,0 mph,,,,,,,,,,,,,,,,,,,,,,
130,217469967,315984274,5/5/2014 10:53,10736,1FMJU1G52AEB65015,31.8368667,-100.9937531,US|76951|Texas|Sterling City|Water St,Excellent,164,4331088780,,,,,,,,L,0 km,0:02:00,,,,,,,,,,,,,,,,,,,,,,,,,,,,,,,,,,,,,,,,,,,,,0 mph,,,,,,,,,,,,,,,,,,,,,,
131,369146740,470515370,5/5/2014 10:53,11942,1FT7W2B62CEB42142,31.27123572,-101.7157422,US|76932|Texas|Big Lake|Fm-1555,Excellent,335,9CANCRGBL,,,,,,,,M,5 km,0:03:00,,,0,,,,,,,,,,,,,,TRUE,,,,,,,,,,,,,,,FALSE,FALSE,,FALSE,,,FALSE,OBDII B11E8-16,,,,FALSE,,67.8959874256263 mph,,,,,,,,,,,,,,,,,,,,,,
132,304486940,338345892,5/5/2014 10:52,11822,1FTFW1EF9CKD25315,29.0818503,-96.45193347,US|77962|Texas|Ganado|Us-59 N [Us-59],Excellent,235,9CANPJGBL,,,,,,,,M,5.9 km,0:03:00,,,0,,,,,,,,,,,,,,TRUE,,,,,,,,,,,,,,,FALSE,FALSE,,FALSE,,,FALSE,OBDII P0316-00,,,,FALSE,,72.4991052171942 mph,,,,,,,,,,,,,,,,,,,,,,
133,532627224,567040365,5/5/2014 10:52,12940,1FM5K8D85DGC45576,32.86095294,-96.95077878,US|75062|Texas|Irving|N Oconnor Rd,Excellent,336,4332139553,,,,,,,,L,1.1 km,0:02:00,,,,,,,,,,,,,,,,,,,,,,,,,,,,,,,,,,,,,,,,,,,,,27.6187067494073 mph,,,,,,,,,,,,,,,,,,,,,,
134,304483640,315903594,5/5/2014 10:52,12215,1FT7X2B65CEA89062,37.12317241,-104.6685862,US|81082|Colorado|Trinidad|Highway Of Legends [Co-12],Unreliable,0,9CANK6TCK,,,,,,,,M,0 km,0:00:00,,,,,,,,,,,,,,,,,,,,,,,,,,,,,,,,,,,,,,,,,,,,,0 mph,,,,,,,,,,,,,,,,,,,,,,
135,304483640,315903594,5/5/2014 10:52,12215,1FT7X2B65CEA89062,37.12317241,-104.6685862,US|81082|Colorado|Trinidad|Highway Of Legends [Co-12],Unreliable,0,9CANK6TCK,,,,,,,,M,0 km,0:00:00,,,0,,,,,,,,,,,,,,,,,,,,,,,,,,,,,,FALSE,,,,,FALSE,,,,,TRUE,,0 mph,,,,,,,,,,,,,,,,,,,,,,
136,304483640,315903594,5/5/2014 10:52,12215,1FT7X2B65CEA89062,37.12317241,-104.6685862,US|81082|Colorado|Trinidad|Highway Of Legends [Co-12],Unreliable,0,9CANK6TCK,,,,,,,,M,0 km,0:00:00,,,0,,,,,,,,,,,,,,,,,,,,,,,,,,,,,FALSE,FALSE,,,,,FALSE,,,,,TRUE,,0 mph,,,,,,,,,,,,,,,,,,,,,,
137,304483640,315903594,5/5/2014 10:53,12215,1FT7X2B65CEA89062,37.12313352,-104.668656,US|81082|Colorado|Trinidad|Highway Of Legends [Co-12],Excellent,270,9CANK6TCK,,,,,,,,M,0 km,0:01:00,,,6,,,,,,,,,,,,,,FALSE,,,,,,,,,,,,,,,FALSE,FALSE,,,,,FALSE,,,,,FALSE,,0 mph,,,,,,,,,,,,,,,,,,,,,,
138,304483640,315903594,5/5/2014 10:53,12215,1FT7X2B65CEA89062,37.12313352,-104.668656,US|81082|Colorado|Trinidad|Highway Of Legends [Co-12],Excellent,270,9CANK6TCK,,,,,,,,M,0 km,0:00:00,,,6,,,,,,,,,,,,,,FALSE,,,,,,,,,,,,,,,FALSE,FALSE,,,,,FALSE,,,,,FALSE,,1.15077944789197 mph,,,,,,,,0:00:00,,0:00:00,0:00:55,0.034 L,,0:00:00,,0:00:00,,0:00:00,0:00:00,,,
139,228638143,0,5/5/2014 10:52,10283,1FT7X2B62CEA15940,31.2629249,-100.6238523,US|76904|Texas|San Angelo|S Fm 2335 [Fm-2335],Excellent,0,9CAN7VM2L,,,,,,,,M,5 km,0:03:00,,,8,,,,,,,,,,,,,,FALSE,,,,,,,,,,,,,,,FALSE,FALSE,,FALSE,,,FALSE,OBDII C1B00-63,,,,FALSE,,51.7850751551387 mph,,,,,,,,,,,,,,,,,,,,,,
140,216795669,302791508,5/5/2014 10:52,10808,1FT7X2B61BEB99685,31.99301687,-102.0263138,US|79701|Texas|Midland|I-20,Excellent,44,4332100516,,,,,,,,L,4 km,0:02:00,,,,,,,,,,,,,,,,,,,,,,,,,,,,,,,,,,,,,,,,,,,,,73.6498846650862 mph,,,,,,,,,,,,,,,,,,,,,,
141,544184670,544345734,5/5/2014 10:52,14161,1FTFW1EF8DKF98568,32.03293351,-102.007761,US|79706|Texas|Midland|E Highway 80,Excellent,270,9CANCXS6N,,,,,,,,M,0 km,0:00:00,,,,,,,,,,,,,,,,,TRUE,,,,,,,,,,,,,,,,,,FALSE,,,,OBDII U0137-00,,,,,,0 mph,,,,,,,,,,,,,,,,,,,,,,
142,428048484,435116394,5/5/2014 10:52,10143,1GCEC19C28Z265817,32.0247246,-102.0193106,US|79706|Texas|Midland|E Highway 80,Excellent,58,4332099662,,,,,,,,L,2.4 km,0:02:00,,,,,,,,,,,,,,,,,,,,,,,,,,,,,,,,,,,,,,,,,,,,,20.7140300620555 mph,,,,,,,,,,,,,,,,,,,,,,
143,304484642,514969510,5/5/2014 10:52,12145,1FT7X2B64CEA89117,28.45859474,-97.88341912,US|78102|Texas|Beeville|County Road 321,Excellent,270,9CAN88UCK,,,,,,,,M,0 km,0:01:00,,,0,,,,,,,,,,,,,,FALSE,,,,,,,,,,,,,,,FALSE,FALSE,,FALSE,,,FALSE,"OBDII P0620-00,OBDII P0625-00,OBDII P065B-00",,,,FALSE,,0 mph,,,,,,,,,,,,,,,,,,,,,,
144,300157118,444328426,5/5/2014 10:53,11599,1FT7X2B62CEA81680,31.2759497,-101.9441001,US|79755|Texas|Midkiff|Texas Pecos Trl [Tx-349],Excellent,0,9CANCSDAJ,,,,,,,,M,5.3 km,0:03:00,,,0,,,,,,,,,,,,,,TRUE,,,,,,,,,,,,,,,FALSE,FALSE,,FALSE,,,FALSE,OBDII B11E8-16,,,,FALSE,,69.0467668735183 mph,,,,,,,,,,,,,,,,,,,,,,
145,451285362,465924654,5/5/2014 10:52,12420,1FT7W2ATXDEA18290,32.03356114,-102.0060444,US|79705|Texas|Midland|N Cr-1140,Excellent,270,9CANGH13M,,,,,,,,M,0.2 km,0:03:00,,,0,,,,,,,,,,,,,,FALSE,,,,,,,,,,,,,,,FALSE,FALSE,,TRUE,,,FALSE,OBDII P0460-13,,,,FALSE,,0 mph,,,,,,,,0:00:00,0.2 km,0:00:00,0:02:47,0.064 L,,0:00:00,,0:00:00,,0:00:00,0:00:00,,,
146,451285362,465924654,5/5/2014 10:52,12420,1FT7W2ATXDEA18290,32.03356114,-102.0060444,US|79705|Texas|Midland|N Cr-1140,Excellent,270,9CANGH13M,,,,,,,,M,0 km,0:00:00,,,0,,,,,,,,,,,,,,FALSE,,,,,,,,,,,,,,,FALSE,FALSE,,TRUE,,,FALSE,OBDII P0460-13,,,,FALSE,,0 mph,,,,,,,,,,,,,,,,,,,,,,
147,590083192,429121486,5/5/2014 10:52,14325,1FTFW1EF5EKD27078,37.19938336,-104.8219831,US|81091|Colorado|Weston|Cr-30.1,Excellent,292,9CAN7GT8N,,,,,,,,M,2.1 km,0:03:00,,,,,,,,,,,,,,,,,,,,,,,,,,,,,,,,,,,,,,,OBDII C109D,,,,,,21.8648095099475 mph,,,,,,,,,,,,,,,,,,,,,,
148,304486496,427403592,5/5/2014 10:53,12040,1FTFW1EF3CKD25293,28.87467512,-96.99786094,US|77904|Texas|Victoria|Glascow St,Excellent,270,9CANE+GBL,,,,,,,,M,1 km,0:03:00,,,0,,,,,,,,,,,,,,FALSE,,,,,,,,,,,,,,,FALSE,FALSE,,FALSE,,,FALSE,OBDII U0422-00,,,,FALSE,,0 mph,,,,,,,,,,,,,,,,,,,,,,
149,304479010,617715198,5/5/2014 10:53,12254,1FD0X5HY7CEA59049,28.81771706,-97.00399783,US|77901|Texas|Victoria|Buena Vista Ave,Unreliable,0,9CAN97N2L,,,,,,,,M,0 km,0:00:00,,,,,,,,,,,,,,,,,,,,,,,,,,,,,,,,,,,,,,,OBDII C1234,,,,,,0 mph,,,,,,,,,,,,,,,,,,,,,,
150,304479010,617715198,5/5/2014 10:53,12254,1FD0X5HY7CEA59049,28.81771706,-97.00399783,US|77901|Texas|Victoria|Buena Vista Ave,Unreliable,0,9CAN97N2L,,,,,,,,M,0 km,0:00:00,,,0,,,,,,,,,,,,,,,,,,,,,,,,,,,,,FALSE,FALSE,,,,,FALSE,OBDII C1234,,,,TRUE,,0 mph,,,,,,,,,,,,,,,,,,,,,,
151,304479010,617715198,5/5/2014 10:53,12254,1FD0X5HY7CEA59049,28.81771706,-97.00399783,US|77901|Texas|Victoria|Buena Vista Ave,Unreliable,0,9CAN97N2L,,,,,,,,M,0 km,0:00:00,,,0,,,,,,,,,,,,,,,,,,,,,,,,,,,,,FALSE,FALSE,,,,,FALSE,OBDII C1234,,,,TRUE,,0 mph,,,,,,,,,,,,,,,,,,,,,,
152,607536324,390310914,5/5/2014 10:52,14114,1FT7W2B61DEB77188,31.46655822,-101.9987367,US|79755|Texas|Midkiff|County Road 111,Excellent,270,9CAN81J3N,,,,,,,,M,0 km,0:03:00,,,0,,,,,,,,,,,,,,FALSE,,,,,,,,,,,,,,,FALSE,FALSE,,FALSE,,,FALSE,OBDII C0049-7B,,,,FALSE,,0 mph,,,,,,,,,,,,,,,,,,,,,,
153,463332444,429121362,5/5/2014 10:52,12597,1FT7X2B6XCEC68634,35.12076379,-101.9234444,US|79119|Texas|Amarillo|Oxford Dr,Excellent,270,9CANFL23M,,,,,,,,M,0 km,0:00:00,,,,,,,,,,,,,,,,,,,,,,,,,,,,,,,,,,,,,,,OBDII P0316-00,,,,,,0 mph,,,,,,,,,,,,,,,,,,,,,,
154,298031626,429121472,5/5/2014 10:53,11784,1FT7X2B64CEA33100,33.575645,-97.89693611,US|76230|Texas|Bowie|,Excellent,270,9CAN88N2L,,,,,,,,M,0 km,0:00:00,,,,,,,,,,,,,,,,,FALSE,,,,,,,,,,,,,,,,,,FALSE,,,,OBDII B0090-93,,,,,,0 mph,,,,,,,,,,,,,,,,,,,,,,
155,298031626,429121472,5/5/2014 10:53,11784,1FT7X2B64CEA33100,33.575645,-97.89693611,US|76230|Texas|Bowie|,Excellent,270,9CAN88N2L,,,,,,,,M,0 km,0:00:00,,,,,,,,,,,,,,,,,FALSE,,,,,,,,,,,,,,,,,,FALSE,,,,OBDII B0090-93,,,,,,0 mph,,,,,,,,,,,,,,,,,,,,,,
156,298031626,429121472,5/5/2014 10:53,11784,1FT7X2B64CEA33100,33.575645,-97.89693611,US|76230|Texas|Bowie|,Excellent,270,9CAN88N2L,,,,,,,,M,0 km,0:00:00,,,0,,,,,,,,,,,,,,FALSE,,,,,,,,,,,,,,,FALSE,FALSE,,FALSE,,,FALSE,OBDII B0090-93,,,,FALSE,,0 mph,,,,,,,,,,,,,,,,,,,,,,
157,298031626,429121472,5/5/2014 10:53,11784,1FT7X2B64CEA33100,33.575645,-97.89693611,US|76230|Texas|Bowie|,Excellent,270,9CAN88N2L,,,,,,,,M,0 km,0:00:00,,,0,,,,,,,,,,,,,,FALSE,,,,,,,,,,,,,,,FALSE,FALSE,,FALSE,,,FALSE,OBDII B0090-93,,,,TRUE,,1.15077944789197 mph,,,,,,,,,,0:00:00,0:00:03,0.004 L,,0:00:00,,0:00:00,,0:00:00,0:00:00,,,
158,607536326,399762368,5/5/2014 10:53,14275,1FTFW1EF3EKD40637,30.94592532,-100.5790273,US|76936|Texas|Eldorado|Texas Forts Trl [Us-277],Excellent,6,9CAN8ET6N,,,,,,,,M,6.3 km,0:03:00,,,0,,,,,,,,,,,,,,TRUE,,,,,,,,,,,,,,,FALSE,FALSE,,FALSE,,,FALSE,,,,,FALSE,,69.0467668735183 mph,,,,,,,,,,,,,,,,,,,,,,
159,635289278,651860816,5/5/2014 10:52,14359,1FTFW1EF5EKD76202,31.68592538,-101.7327219,US|79739|Texas|Garden City|Sohio,Excellent,233,9CAN7ZX8N,,,,,,,,M,0 km,0:00:00,,,,,,,,,,,,,,,,,FALSE,,,,,,,,,,,,,,,,,,FALSE,,,,,,,,,,0 mph,,,,,,,,,,,,,,,,,,,,,,
160,653873228,0,5/5/2014 10:53,Hub4 (12804),,32.87070277,-96.93716657,US|75039|Texas|Irving|,Excellent,0,4:0015FF611335,,,,,,,,V,0.2 km,0:00:00,,,,,,,,,,,,,,,,,,,,,,,,,,,,,,,,,,,,0 m/(s^2),0 m/(s^2),,,,,,,,0 mph,,,,,,,,,,,,,,,,,,,,,,
161,460759402,302790404,5/5/2014 10:53,12589,1FT7X2B60CEC68626,35.28832005,-101.8300579,US|79108|Texas|Amarillo|Loma Vista Dr,Unreliable,0,9CANKT13M,,,,,,,,M,0 km,0:00:00,,,,,,,,,,,,,,,,,,,,,,,,,,,,,,,,,,,,,,,OBDII P0316-00,,,,,,0 mph,,,,,,,,,,,,,,,,,,,,,,
162,460759402,302790404,5/5/2014 10:53,12589,1FT7X2B60CEC68626,35.28832005,-101.8300579,US|79108|Texas|Amarillo|Loma Vista Dr,Unreliable,0,9CANKT13M,,,,,,,,M,0 km,0:00:00,,,0,,,,,,,,,,,,,,,,,,,,,,,,,,,,,,FALSE,,,,,FALSE,OBDII P0316-00,,,,FALSE,,0 mph,,,,,,,,,,,,,,,,,,,,,,
163,460759402,302790404,5/5/2014 10:53,12589,1FT7X2B60CEC68626,35.28832005,-101.8300579,US|79108|Texas|Amarillo|Loma Vista Dr,Unreliable,0,9CANKT13M,,,,,,,,M,0 km,0:00:00,,,0,,,,,,,,,,,,,,,,,,,,,,,,,,,,,FALSE,FALSE,,,,,FALSE,OBDII P0316-00,,,,FALSE,,0 mph,,,,,,,,,,,,,,,,,,,,,,
164,216794275,362462838,5/5/2014 10:53,10423,1FTEW1C8XAKA49885,31.79834213,-101.7871975,US|79706|Texas|Midland|Fm-1379,Excellent,165,4332139258,,,,,,,,L,3.6 km,0:02:00,,,,,,,,,,,,,,,,,,,,,,,,,,,,,,,,,,,,,,,,,,,,,65.5944285298424 mph,,,,,,,,,,,,,,,,,,,,,,
165,228638011,482229510,5/5/2014 10:52,11475,1FT7W2B61BEC30128,31.99115542,-102.0370172,US|79706|Texas|Midland|Fm-307,Excellent,286,9CANIPHBL,,,,,,,,M,0.7 km,0:03:00,,,0,,,,,,,,,,,,,,FALSE,,,,,,,,,,,,,,,FALSE,FALSE,,FALSE,,,FALSE,OBDII P2610-00,,,,FALSE,,0 mph,,,,,,,,,,,,,,,,,,,,,,
166,477105482,589387410,5/5/2014 10:53,12937,1FT7W2ATXDEA92857,32.00852004,-102.0501828,US|79706|Texas|Midland|I-20-Bl W,Excellent,324,9CANF3U1N,,,,,,,,M,2.4 km,0:03:00,,,0,,,,,,,,,,,,,,,,,,,,,,,,,,,,,FALSE,FALSE,,FALSE,,,FALSE,OBDII C1B00-63,,,,FALSE,,0 mph,,,,,,,,,,,,,,,,,,,,,,
167,366907640,360853758,5/5/2014 10:52,11949,1FT7W2B62CEB42139,33.27041362,-97.61966676,US|76234|Texas|Decatur|N Highway 287 [Us-287/Us-81],Excellent,327,9CANBRGBL,,,,,,,,M,4.1 km,0:03:00,,,0,,,,,,,,,,,,,,TRUE,,,,,,,,,,,,,,,FALSE,FALSE,,FALSE,,,FALSE,OBDII P068A-00,,,,FALSE,,66.7452079777343 mph,,,,,,,,,,,,,,,,,,,,,,
168,366907640,360853758,5/5/2014 10:53,11949,1FT7W2B62CEB42139,33.27448119,-97.62294979,US|76234|Texas|Decatur|N Highway 287 [Us-287/Us-81],Excellent,323,9CANBRGBL,,,,,,,,M,0.4 km,0:01:00,,,0,,,,,,,,,,,,,,TRUE,,,,,,,,,,,,,,,FALSE,FALSE,,FALSE,,,FALSE,OBDII P068A-00,,,,FALSE,,66.7452079777343 mph,,,,,,,,0:11:01,20.8 km,0:00:00,0:15:00,3.585 L,,0:00:00,,0:00:00,,0:09:10,0:00:00,,,
169,304487890,429121450,5/5/2014 10:52,12081,1FTFW1EF4CKD25366,28.67699228,-97.47469738,US|77963|Texas|Goliad|State Highway 239 W [Tx-239],Excellent,308,9CANEM68L,,,,,,,,M,5.6 km,0:03:00,,,0,,,,,,,,,,,,,,TRUE,,,,,,,,,,,,,,,FALSE,FALSE,,FALSE,,,FALSE,,,,,FALSE,,70.1975463214102 mph,,,,,,,,,,,,,,,,,,,,,,
170,500784876,362793936,5/5/2014 10:53,12139,1FT7X2B63CEA89111,29.14563323,-98.1572834,US|78114|Texas|Floresville|10th St [Us-181],Excellent,136,9CAN8XI1L,,,,,,,,M,3.4 km,0:03:00,,,0,,,,,,,,,,,,,,FALSE,,,,,,,,,,,,,,,FALSE,FALSE,,FALSE,,,FALSE,,,,,FALSE,,3.45233834367591 mph,,,,,,,,,,,,,,,,,,,,,,
171,466370696,302800846,5/5/2014 10:53,12811,1FT7W2B68CEC95480,37.1729636,-101.3516497,US|67951|Kansas|Hugoton|S Van Buren St,Excellent,270,9CANGH23M,,,,,,,,M,0 km,0:00:00,,,,,,,,,,,,,,,,,,,,,,,,,,,,,,,,,,,,,,,,,,,,,0 mph,,,,,,,,,,,,,,,,,,,,,,
172,216794155,460034776,5/5/2014 10:53,10377,1FTSX2BR7AEA36364,32.02883777,-102.0103064,US|79706|Texas|Midland|I-20-Bl,Excellent,59,4332139591,,,,,,,,L,3.3 km,0:02:00,,,,,,,,,,,,,,,,,,,,,,,,,,,,,,,,,,,,,,,,,,,,,64.4436490819504 mph,,,,,,,,,,,,,,,,,,,,,,
173,214851453,333555034,5/5/2014 10:52,11505,1FTFW1EF5BKD71934,32.017775,-102.1413055,US|79707|Texas|Midland|Mamies Cir,Unreliable,0,9CANBFP9K,,,,,,,,M,0 km,0:00:00,,,,,,,,,,,,,,,,,,,,,,,,,,,,,,,,,,,,,,,OBDII B00A0-63,,,,,,0 mph,,,,,,,,,,,,,,,,,,,,,,
174,214851453,333555034,5/5/2014 10:52,11505,1FTFW1EF5BKD71934,32.017775,-102.1413055,US|79707|Texas|Midland|Mamies Cir,Unreliable,0,9CANBFP9K,,,,,,,,M,0 km,0:00:00,,,6,,,,,,,,,,,,,,,,,,,,,,,,,,,,,FALSE,FALSE,,,,,FALSE,OBDII B00A0-63,,,,FALSE,,1.15077944789197 mph,,,,,,,,,,,,,,,,,,,,,,
175,214851453,333555034,5/5/2014 10:52,11505,1FTFW1EF5BKD71934,32.017775,-102.1413055,US|79707|Texas|Midland|Mamies Cir,Unreliable,0,9CANBFP9K,,,,,,,,M,0 km,0:00:00,,,5,,,,,,,,,,,,,,,,,,,,,,,,,,,,,FALSE,FALSE,,,,,FALSE,OBDII B00A0-63,,,,FALSE,,2.30155889578394 mph,,,,,,,,,,,,,,,,,,,,,,
176,214851453,333555034,5/5/2014 10:53,11505,1FTFW1EF5BKD71934,32.01746386,-102.1418808,US|79707|Texas|Midland|N Midland Dr [Fm-868],Excellent,349,9CANBFP9K,,,,,,,,M,1.1 km,0:01:00,,,17,,,,,,,,,,,,,,FALSE,,,,,,,,,,,,,,,FALSE,FALSE,,,,,FALSE,OBDII B00A0-63,,,,FALSE,,20.7140300620555 mph,,,,,,,,,,,,,,,,,,,,,,
177,362802478,321375183,5/5/2014 10:53,11601,1FTFW1EF1CKD25244,31.99215856,-102.0378889,US|79706|Texas|Midland|Fm-307,Excellent,270,9CANDLP2L,,,,,,,,M,0 km,0:00:00,,,,,,,,,,,,,,,,,TRUE,,,,,,,,,,,,,,,,,,FALSE,,,,"OBDII B00A0-68,OBDII U0140-00,OBDII U0155-00",,,,,,0 mph,,,,,,,,,,,,,,,,,,,,,,
178,362802478,321375183,5/5/2014 10:53,11601,1FTFW1EF1CKD25244,31.99215856,-102.0378889,US|79706|Texas|Midland|Fm-307,Excellent,270,9CANDLP2L,,,,,,,,M,0 km,0:00:00,,,,,,,,,,,,,,,,,TRUE,,,,,,,,,,,,,,,,,,FALSE,,,,"OBDII B00A0-68,OBDII U0140-00,OBDII U0155-00",,,,,,0 mph,,,,,,,,,,,,,,,,,,,,,,
179,460759400,429121492,5/5/2014 10:52,12588,1FT7X2B69CEC68625,35.66941906,-101.4724939,US|79007|Texas|Borger|Texas Plains Trl [Fm-1319],Excellent,315,9CANG813M,,,,,,,,M,3.8 km,0:03:00,,,0,,,,,,,,,,,,,,FALSE,,,,,,,,,,,,,,,FALSE,FALSE,,FALSE,,,FALSE,OBDII U0100-00,,,,FALSE,,54.0866340509226 mph,,,,,,,,,,,,,,,,,,,,,,
180,216793967,429121498,5/5/2014 10:52,10264,1FTFX1EF9BFA14956,28.6554756,-97.97615248,US|78102|Texas|Beeville|Fm-798,Excellent,270,9CANKSI1L,,,,,,,,M,0 km,0:01:00,,,3,,,,,,,,,,,,,,FALSE,,,,,,,,,,,,,,,FALSE,FALSE,,FALSE,,,FALSE,"OBDII C1963,OBDII P115E-00",,,,FALSE,,1.15077944789197 mph,,,,,,,,0:00:00,0 km,0:00:00,0:01:24,0.036 L,,0:00:00,,0:00:00,,0:00:00,0:00:00,,,
181,477105478,529547860,5/5/2014 10:52,12938,1FT7W2AT1DEA92858,32.03047794,-101.9787448,US|79706|Texas|Midland|E Cr-84,Excellent,270,9CANHJ23M,,,,,,,,M,0 km,0:03:00,,,10,,,,,,,,,,,,,,,,,,,,,,,,,,,,,FALSE,FALSE,,FALSE,,,FALSE,,,,,FALSE,,1.15077944789197 mph,,,,,,,,,,0:00:00,0:02:47,0.095 L,,0:00:00,,0:00:00,,0:00:00,0:00:00,,,
182,216796339,302791900,5/5/2014 10:53,11102,1FTFW1EF0BKD10510,32.01972228,-102.1253222,US|79707|Texas|Midland|W Wadley Ave,Excellent,74,9CANDZP2L,,,,,,,,M,1 km,0:03:00,,,0,,,,,,,,,,,,,,,,,,,,,,,,,,,,,FALSE,FALSE,,FALSE,,,FALSE,OBDII C109D,,,,FALSE,,9.20623558313577 mph,,,,,,,,,,,,,,,,,,,,,,
183,527713404,435204768,5/5/2014 10:52,14081,1FT7X2B64DEB58406,31.55928353,-100.5464559,US|76901|Texas|San Angelo|Fm-2288,Excellent,197,9CANFNJ3N,,,,,,,,M,2.4 km,0:03:00,,,0,,,,,,,,,,,,,,FALSE,,,,,,,,,,,,,,,FALSE,FALSE,,FALSE,,,FALSE,,,,,FALSE,,2.30155889578394 mph,,,,,,,,,,,,,,,,,,,,,,
184,216795481,0,5/5/2014 10:52,10751,1FT7W2B66BEB66555,32.13738007,-101.8054165,US|79782|Texas|Stanton|N Lamesa Hwy [Tx-137],Excellent,270,9CANBP68L,,,,,,,,M,1.5 km,0:03:00,,,0,,,,,,,,,,,,,,FALSE,,,,,,,,,,,,,,,FALSE,FALSE,,FALSE,,,FALSE,"OBDII B11E8-17,OBDII C0049-7B",,,,FALSE,,0 mph,,,,,,,,,,,,,,,,,,,,,,
185,216795481,0,5/5/2014 10:53,10751,1FT7W2B66BEB66555,32.13738007,-101.8054165,US|79782|Texas|Stanton|N Lamesa Hwy [Tx-137],Excellent,270,9CANBP68L,,,,,,,,M,0 km,0:01:00,,,0,,,,,,,,,,,,,,FALSE,,,,,,,,,,,,,,,FALSE,FALSE,,FALSE,,,FALSE,"OBDII B11E8-17,OBDII C0049-7B",,,,FALSE,,0 mph,,,,,,,,0:06:17,12.5 km,0:00:00,0:09:54,1.882 L,,0:00:00,,0:00:00,,0:06:28,0:00:00,,,
186,216795481,0,5/5/2014 10:53,10751,1FT7W2B66BEB66555,32.13738007,-101.8054165,US|79782|Texas|Stanton|N Lamesa Hwy [Tx-137],Excellent,270,9CANBP68L,,,,,,,,M,0 km,0:00:00,,,0,,,,,,,,,,,,,,FALSE,,,,,,,,,,,,,,,FALSE,FALSE,,FALSE,,,FALSE,"OBDII B11E8-17,OBDII C0049-7B",,,,FALSE,,0 mph,,,,,,,,,,,,,,,,,,,,,,
187,427634234,302801336,5/5/2014 10:53,12759,1FT7X2B6XCEC95526,28.91229176,-98.44013846,US|78064|Texas|Pleasanton|S Us Highway 281 [Us-281],Excellent,126,9CAN5H13M,,,,,,,,M,5.5 km,0:03:00,,,0,,,,,,,,,,,,,,TRUE,,,,,,,,,,,,,,,FALSE,FALSE,,FALSE,,,FALSE,"OBDII U0140-00,OBDII U3003-16",,,,FALSE,,67.8959874256263 mph,,,,,,,,,,,,,,,,,,,,,,
188,503291606,503183020,5/5/2014 10:52,14061,1FT7X2B62DEB58386,28.830247,-97.81911718,US|78119|Texas|Kenedy|County Road 363,Excellent,270,9CANGXJ3N,,,,,,,,M,0 km,0:03:00,,,0,,,,,,,,,,,,,,FALSE,,,,,,,,,,,,,,,FALSE,FALSE,,FALSE,,,FALSE,,,,,FALSE,,0 mph,,,,,,,,0:00:00,0 km,0:00:00,0:15:00,0.47 L,,0:00:00,,0:00:00,,0:00:00,0:00:00,,,
189,214851211,262015635,5/5/2014 10:52,11015,1FT7W2AT3BED04110,32.03617496,-101.9973004,US|79706|Texas|Midland|I-20-Bl,Excellent,239,9CAN86I1L,,,,,,,,M,2.2 km,0:03:00,,,21,,,,,,,,,,,,,,,,,,,,,,,,,,,,,FALSE,FALSE,,TRUE,,,FALSE,OBDII C1B00-63,,,,FALSE,,52.9358546030307 mph,,,,,,,,,,,,,,,,,,,,,,
190,225470571,302791024,5/5/2014 10:53,10286,1FT7X2B67CEA15948,31.99379471,-102.1343022,US|79703|Texas|Midland|N Midland Dr,Excellent,164,9CAN8BN2L,,,,,,,,M,1.7 km,0:03:00,,,20,,,,,,,,,,,,,,FALSE,,,,,,,,,,,,,,,FALSE,FALSE,,FALSE,,,FALSE,OBDII P068A-00,,,,FALSE,,34.5233834367591 mph,,,,,,,,,,,,,,,,,,,,,,
191,300157268,315903592,5/5/2014 10:52,11612,1FT7X2B60CEA81712,37.12269498,-104.6687914,US|81082|Colorado|Trinidad|Highway Of Legends [Co-12],Excellent,270,9CANMFE4J,,,,,,,,M,0 km,0:00:00,,,,,,,,,,,,,,,,,FALSE,,,,,,,,,,,,,,,,,,FALSE,,,,"OBDII B11E8-17,OBDII C0049-7B",,,,,,0 mph,,,,,,,,,,,,,,,,,,,,,,
192,300157268,315903592,5/5/2014 10:53,11612,1FT7X2B60CEA81712,37.12269498,-104.6687914,US|81082|Colorado|Trinidad|Highway Of Legends [Co-12],Excellent,270,9CANMFE4J,,,,,,,,M,0 km,0:00:00,,,,,,,,,,,,,,,,,FALSE,,,,,,,,,,,,,,,,,,FALSE,,,,"OBDII B11E8-17,OBDII C0049-7B",,,,,,0 mph,,,,,,,,,,,,,,,,,,,,,,
193,214851647,302790750,5/5/2014 10:52,11204,1FTFW1EF0BKD97700,33.3438163,-97.68033833,US|76225|Texas|Alvord|Us-81 [Us-81/Us-287],Excellent,322,9CAN8YM2L,,,,,,,,M,6.2 km,0:03:00,,,0,,,,,,,,,,,,,,TRUE,,,,,,,,,,,,,,,FALSE,FALSE,,FALSE,,,FALSE,OBDII C1963,,,,FALSE,,75.9514435608701 mph,,,,,,,,,,,,,,,,,,,,,,
194,311153724,0,5/5/2014 10:53,10955,1FT7X2B6XBEC81642,32.12781397,-101.7861998,US|79782|Texas|Stanton|E St George St,Unreliable,0,9CANES68L,,,,,,,,M,0 km,0:00:00,,,,,,,,,,,,,,,,,,,,,,,,,,,,,,,,,,,,,,,"OBDII P0451-00,OBDII P0460-13,OBDII P0463-00,OBDII P1450-00",,,,,,0 mph,,,,,,,,,,,,,,,,,,,,,,
195,311153724,0,5/5/2014 10:53,10955,1FT7X2B6XBEC81642,32.12781397,-101.7861998,US|79782|Texas|Stanton|E St George St,Unreliable,0,9CANES68L,,,,,,,,M,0 km,0:00:00,,,0,,,,,,,,,,,,,,,,,,,,,,,,,,,,,,FALSE,,,,,TRUE,"OBDII P0451-00,OBDII P0460-13,OBDII P0463-00,OBDII P1450-00",,,,TRUE,,0 mph,,,,,,,,,,,,,,,,,,,,,,
196,311153724,0,5/5/2014 10:53,10955,1FT7X2B6XBEC81642,32.12781397,-101.7861998,US|79782|Texas|Stanton|E St George St,Unreliable,0,9CANES68L,,,,,,,,M,0 km,0:00:00,,,0,,,,,,,,,,,,,,,,,,,,,,,,,,,,,FALSE,FALSE,,,,,TRUE,"OBDII P0451-00,OBDII P0460-13,OBDII P0463-00,OBDII P1450-00",,,,TRUE,,0 mph,,,,,,,,,,,,,,,,,,,,,,
197,311153724,0,5/5/2014 10:53,10955,1FT7X2B6XBEC81642,32.12781397,-101.7861998,US|79782|Texas|Stanton|E St George St,Unreliable,0,9CANES68L,,,,,,,,M,0 km,0:01:00,,,0,,,,,,,,,,,,,,FALSE,,,,,,,,,,,,,,,FALSE,FALSE,,,,,TRUE,"OBDII P0451-00,OBDII P0460-13,OBDII P0463-00,OBDII P1450-00",,,,TRUE,,0 mph,,,,,,,,,,,,,,,,,,,,,,
198,311153724,0,5/5/2014 10:53,10955,1FT7X2B6XBEC81642,32.12761683,-101.7862467,US|79782|Texas|Stanton|S Convent St,Excellent,270,9CANES68L,,,,,,,,M,0 km,0:00:00,,,0,,,,,,,,,,,,,,FALSE,,,,,,,,,,,,,,,FALSE,FALSE,,,,,TRUE,"OBDII P0451-00,OBDII P0460-13,OBDII P0463-00,OBDII P1450-00",,,,TRUE,,0 mph,,,,,,,,,,,,,,,,,,,,,,
199,304484152,360520487,5/5/2014 10:53,12122,1FT7X2B63CEA89092,31.94229227,-102.3701583,US|79765|Texas|Odessa|NE Loop 338 [Tx-338-Loop],Excellent,93,9CANJNI1L,,,,,,,,M,2.2 km,0:03:00,,,44,,,,,,,,,,,,,,FALSE,,,,,,,,,,,,,,,FALSE,FALSE,,FALSE,,,TRUE,OBDII P0460-13,,,,FALSE,,21.8648095099475 mph,,,,,,,,,,,,,,,,,,,,,,
200,574083948,0,5/5/2014 10:52,Hub2 (14058),,32.02203971,-102.1520987,US|79707|Texas|Midland|Tx-250-Loop,Excellent,40,4:0015FF2DB291,,,,,,,,V,3 km,0:02:00,,,,,,,,,,,,,,,,,,,,,,,,,,,,,,,,,,,,1.901245234 m/(s^2),1.000976624 m/(s^2),,,,,,,,60.9913107382745 mph,,,,,,,,,,,,,,,,,,,,,,
201,470540100,534477540,5/5/2014 10:52,12928,1FT7W2B69DEA80739,33.39741623,-97.73255558,US|76225|Texas|Alvord|N Us Highway 287 [Us-287/Us-81],Excellent,155,9CANB713M,,,,,,,,M,5.9 km,0:03:00,,,0,,,,,,,,,,,,,,TRUE,,,,,,,,,,,,,,,FALSE,FALSE,,FALSE,,,FALSE,OBDII C0049-7B,,,,FALSE,,73.6498846650862 mph,,,,,,,,,,,,,,,,,,,,,,
202,217392955,356966940,5/5/2014 10:52,11078,1FT7X2B65BED04177,29.10432721,-97.28810816,US|77954|Texas|Cuero|W Alexander St,Excellent,270,9CAND0P2L,,,,,,,,M,0 km,0:02:00,,,0,,,,,,,,,,,,,,FALSE,,,,,,,,,,,,,,,FALSE,FALSE,,FALSE,,,FALSE,"OBDII P0532-00,OBDII P0620-00,OBDII P065B-00",,,,FALSE,,0 mph,,,,,,,,,,,,,,,,,,,,,,
203,217392955,356966940,5/5/2014 10:52,11078,1FT7X2B65BED04177,29.10432721,-97.28810816,US|77954|Texas|Cuero|W Alexander St,Excellent,270,9CAND0P2L,,,,,,,,M,0 km,0:00:00,,,4,,,,,,,,,,,,,,FALSE,,,,,,,,,,,,,,,FALSE,FALSE,,FALSE,,,FALSE,"OBDII P0532-00,OBDII P0620-00,OBDII P065B-00",,,,FALSE,,1.15077944789197 mph,,,,,,,,0:00:00,,0:00:00,0:02:31,0.184 L,,0:00:00,,0:00:00,,0:00:00,0:00:00,,,
204,620568872,302791032,5/5/2014 10:52,14255,1FT7X2B68EEB02602,32.27336137,-102.1438777,US|79782|Texas|Stanton|Tx-349,Excellent,276,9CANBGS6N,,,,,,,,M,0 km,0:03:00,,,10,,,,,,,,,,,,,,FALSE,,,,,,,,,,,,,,,FALSE,FALSE,,FALSE,,,FALSE,,,,,FALSE,,3.45233834367591 mph,,,,,,,,,,,,,,,,,,,,,,
205,528623780,362406314,5/5/2014 10:53,14083,1FT7X2B68DEB58408,32.2270195,-101.5185998,US|79720|Texas|Big Spring|Apron Dr,Excellent,345,9CANACJ3N,,,,,,,,M,2.7 km,0:03:00,,,32,,,,,,,,,,,,,,FALSE,,,,,,,,,,,,,,,FALSE,FALSE,,FALSE,,,FALSE,"OBDII P2196-00,OBDII P2198-00",,,,FALSE,,40.277280676219 mph,,,,,,,,,,,,,,,,,,,,,,
206,217392995,429121442,5/5/2014 10:53,11211,1FTFW1EF3BKD97707,31.98508289,-102.1448809,US|79703|Texas|Midland|Storey Ave,Excellent,270,9CANCYN2L,,,,,,,,M,0 km,0:03:00,,,0,,,,,,,,,,,,,,FALSE,,,,,,,,,,,,,,,FALSE,FALSE,,FALSE,,,FALSE,"OBDII P2196-00,OBDII P2198-00",,,,FALSE,,0 mph,,,,,,,,,,,,,,,,,,,,,,
207,565165216,568771146,5/5/2014 10:53,14136,1FT7W2B66EEA34626,33.42781639,-97.75383623,US|76270|Texas|Sunset|N Us Highway 287 [Us-287/Us-81],Excellent,322,9CANCYJ3N,,,,,,,,M,5.5 km,0:03:00,,,0,,,,,,,,,,,,,,TRUE,,,,,,,,,,,,,,,FALSE,FALSE,,FALSE,,,FALSE,OBDII C0049-7B,,,,FALSE,,69.0467668735183 mph,,,,,,,,,,,,,,,,,,,,,,
208,529314058,390024002,5/5/2014 10:53,14105,1FT7W2B64DEB58375,32.11505604,-101.708759,US|79782|Texas|Stanton|County Road B1900,Excellent,270,9CANDJJ3N,,,,,,,,M,0 km,0:03:00,,,0,,,,,,,,,,,,,,FALSE,,,,,,,,,,,,,,,FALSE,FALSE,,FALSE,,,FALSE,"OBDII P2196-00,OBDII P2198-00",,,,FALSE,,1.15077944789197 mph,,,,,,,,0:00:00,,0:00:00,0:04:37,0.281 L,,0:00:00,,0:00:00,,0:00:00,0:00:00,,,
209,436667326,436657976,5/5/2014 10:53,12322,1FT7W2AT1DEA18291,31.93588581,-102.0499776,US|79706|Texas|Midland|E Cr-138,Excellent,270,9CANFD13M,,,,,,,,M,0 km,0:03:00,,,0,,,,TRUE,,,,,,,,,,FALSE,,,,,,,,,,,,,,,FALSE,FALSE,,FALSE,,,TRUE,OBDII B0001-13,,,,FALSE,,0 mph,,,,,,,,,,,,,,,,,,,,,,
210,304484452,571117056,5/5/2014 10:52,12136,1FT7X2B63CEA89108,31.21454991,-100.8421386,US|76941|Texas|Mertzon|W Us Highway 67 [Us-67],Excellent,232,9CANHH68L,,,,,,,,M,5.4 km,0:03:00,,,0,,,,,,,,,,,,,,TRUE,,,,,,,,,,,,,,,FALSE,FALSE,,FALSE,,,FALSE,OBDII C0034-13,,,,FALSE,,72.4991052171942 mph,,,,,,,,,,,,,,,,,,,,,,
211,304483132,0,5/5/2014 10:52,12187,1FT7X2B62CEA89021,35.59748355,-97.52107546,US|73114|Oklahoma|Oklahoma City|NW 122nd St,Excellent,270,9CAN5F8BL,,,,,,,,M,0.1 km,0:00:00,,,,,,,,,,,,,,,,,,,,,,,,,,,,,,,,,,,,,,,"OBDII B11E8-16,OBDII C0049-7B",,,,,,0 mph,,,,,,,,,,,,,,,,,,,,,,
212,276474080,357566644,5/5/2014 10:52,10359,1FT7X2B69CEA33108,28.32705518,-98.13060615,US|78022|Texas|George West|Lagarto Rd,Excellent,270,9CAN94N2L,,,,,,,,M,0 km,0:00:00,,,0,,,,,,,,,,,,,,FALSE,,,,,,,,,,,,,,,FALSE,FALSE,,FALSE,,,FALSE,OBDII U0140-00,,,,TRUE,,1.15077944789197 mph,,,,,,,,0:00:00,,0:00:00,0:11:09,0.557 L,,0:00:00,,0:00:00,,0:00:00,0:00:00,,,
213,276474190,356966918,5/5/2014 10:52,10360,1FT7X2B60CEA33109,28.41642504,-98.17494441,US|78071|Texas|Three Rivers|Highway 281 [Us-281],Excellent,338,9CAN8BM2L,,,,,,,,M,5.5 km,0:03:00,,,0,,,,,,,,,,,,,,FALSE,,,,,,,,,,,,,,,FALSE,FALSE,,FALSE,,,FALSE,"OBDII B11E8-16,OBDII C0049-7B",,,,FALSE,,21.8648095099475 mph,,,,,,,,,,,,,,,,,,,,,,
214,276474190,356966918,5/5/2014 10:52,10360,1FT7X2B60CEA33109,28.41690784,-98.17494709,US|78071|Texas|Three Rivers|Highway 281 [Us-281],Excellent,339,9CAN8BM2L,,,,,,,,M,0 km,0:00:00,,,0,,,,,,,,,,,,,,FALSE,,,,,,,,,,TRUE,,,,,FALSE,FALSE,,FALSE,,,FALSE,"OBDII B11E8-16,OBDII C0049-7B",,,,FALSE,,4.60311779156789 mph,,,,,,,,,,,,,,,,,,,,,,
215,635289274,262926177,5/5/2014 10:52,14356,1FTFW1EF9EKD76199,32.02924949,-102.1159613,US|79705|Texas|Midland|Haynes Dr,Excellent,0,9CAN97X8N,,,,,,,,M,0 km,0:03:00,,,0,,,,,,,,,,,,,,FALSE,,,,,,,,,,,,,,,FALSE,FALSE,,FALSE,,,FALSE,,,,,FALSE,,0 mph,,,,,,,,,,,,,,,,,,,,,,
216,304480234,362406340,5/5/2014 10:53,11988,1FT7X2B6XCEA70894,31.68402235,-102.0000617,US|79706|Texas|Midland|Texas Pecos Trl [Tx-349],Excellent,164,9CANF3N2L,,,,,,,,M,5.9 km,0:03:00,,,0,,,,,,,,,,,,,,TRUE,,,,,,,,,,,,,,,FALSE,FALSE,,TRUE,,,FALSE,OBDII P06B8-00,,,,FALSE,,73.6498846650862 mph,,,,,,,,,,,,,,,,,,,,,,
217,425508204,460727936,5/5/2014 10:53,12233,1FT7W2B64CEB23110,33.49226987,-97.80274766,US|76230|Texas|Bowie|Us Highway 287 [Us-81/Us-287],Excellent,148,9CAN7D8BL,,,,,,,,M,6 km,0:03:00,,,0,,,,,,,,,,,,,,TRUE,,,,,,,,,,,,,,,FALSE,FALSE,,FALSE,,,FALSE,OBDII B0090-93,,,,FALSE,,73.6498846650862 mph,,,,,,,,,,,,,,,,,,,,,,
218,417511634,379884395,5/5/2014 10:52,12319,1FT7W2B68CEC49941,37.40010514,-104.6487272,US|81020|Colorado|Aguilar|Junita St,Excellent,270,9CANDRU1N,,,,,,,,M,0 km,0:02:00,,,0,,,,,,,,,,,,,,FALSE,,,,,,,,,,,,,,,FALSE,FALSE,,FALSE,,,FALSE,"OBDII U0140-00,OBDII U3003-16",,,,FALSE,,0 mph,,,,,,,,,,,,,,,,,,,,,,
219,565165232,649145330,5/5/2014 10:52,14142,1FT7W2B61EEA34632,31.40906909,-101.5622138,US|76932|Texas|Big Lake|N State Highway 137 [Tx-137],Excellent,256,9CANB1G5N,,,,,,,,M,5.2 km,0:03:00,,,38,,,,,,,,,,,,,,FALSE,,,,,,,,,,,,,,,FALSE,FALSE,,FALSE,,,FALSE,,,,,FALSE,,63.2928696340584 mph,,,,,,,,,,,,,,,,,,,,,,
220,214851231,333555054,5/5/2014 10:53,11491,1FT7W2B68BED04113,32.11561126,-101.7085444,US|79782|Texas|Stanton|County Road B1900,Excellent,270,9CAN85I1L,,,,,,,,M,0 km,0:03:00,,,0,,,,,,,,,,,,,,FALSE,,,,,,,,,,,,,,,FALSE,FALSE,,FALSE,,,FALSE,"OBDII B11E8-16,OBDII C0049-7B",,,,FALSE,,0 mph,,,,,,,,,,,,,,,,,,,,,,
221,214851231,333555054,5/5/2014 10:53,11491,1FT7W2B68BED04113,32.11561126,-101.7085444,US|79782|Texas|Stanton|County Road B1900,Excellent,270,9CAN85I1L,,,,,,,,M,0 km,0:00:00,,,0,,,,,,,,,,,,,,FALSE,,,,,,,,,,,,,,,FALSE,FALSE,,FALSE,,,FALSE,"OBDII B11E8-16,OBDII C0049-7B",,,,FALSE,,0 mph,,,,,,,,0:00:00,0 km,0:00:00,0:15:00,0.556 L,,0:00:00,,0:00:00,,0:00:00,0:00:00,,,
222,479675778,453822516,5/5/2014 10:52,12245,1FT7W2B6XCEB42163,29.00572786,-97.59881929,US|78164|Texas|Yorktown|Cottonpatch Rd,Excellent,270,9CANKBGBL,,,,,,,,M,0 km,0:03:00,,,0,,,,,,,,,,,,,,FALSE,,,,,,,,,,,,,,,FALSE,FALSE,,FALSE,,,FALSE,OBDII B11E8-16,,,,FALSE,,0 mph,,,,,,,,,,,,,,,,,,,,,,
223,304479028,620458924,5/5/2014 10:52,12256,1FD0X5HY5CEA59051,33.55396605,-97.89133566,US|76230|Texas|Bowie|Old Vashti Rd,Excellent,270,9CANBBN2L,,,,,,,,M,0 km,0:03:00,,,0,,,,,,,,,,,,,,,,,,,,,,,,,,,,,FALSE,FALSE,,FALSE,,,FALSE,OBDII P115E-00,,,,FALSE,,0 mph,,,,,,,,,,,,,,,,,,,,,,
224,216795013,578557354,5/5/2014 10:52,12342,1FD0X5HT1BEB26120,31.83606069,-102.0310801,US|79706|Texas|Midland|Texas Pecos Trl [Tx-349],Excellent,345,9CANK6HBL,,,,,,,,M,5.8 km,0:03:00,,,0,,,,TRUE,,,,,,,,,,,,,,,,,,,,,,,,,FALSE,FALSE,,FALSE,,,TRUE,,,,,FALSE,,67.8959874256263 mph,,,,,,,,,,,,,,,,,,,,,,
225,382144584,534477478,5/5/2014 10:53,12392,1FT7W2BT8CEC49895,28.54399225,-98.18405588,US|78071|Texas|Three Rivers|I-37 N,Excellent,270,9CANLRHBL,,,,,,,,M,0 km,0:03:00,,,0,,,,,,,,,,,,,,FALSE,,,,,,,,,,,,,,,FALSE,FALSE,,FALSE,,,TRUE,,,,,FALSE,,0 mph,,,,,,,,,,,,,,,,,,,,,,
226,470540098,390310912,5/5/2014 10:52,12927,1FT7W2B67DEA80738,32.35947236,-101.0020827,US|79565|Texas|Westbrook|I-20,Excellent,232,9CANA613M,,,,,,,,M,5.5 km,0:03:00,,,0,,,,,,,,,,,,,,TRUE,,,,,,,,,,,,,,,FALSE,FALSE,,FALSE,,,FALSE,OBDII C101A-62,,,,FALSE,,67.8959874256263 mph,,,,,,,,,,,,,,,,,,,,,,
227,304482966,519792538,5/5/2014 10:52,12178,1FT7X2B61CEA89009,37.12295515,-104.6696108,US|81082|Colorado|Trinidad|Highway Of Legends [Co-12],Unreliable,0,9CAN621AK,,,,,,,,M,0 km,0:00:00,,,,,,,,,,,,,,,,,FALSE,,,,,,,,,,,,,,,,,,FALSE,,,,,,,,,,0 mph,,,,,,,,,,,,,,,,,,,,,,
228,304482966,519792538,5/5/2014 10:52,12178,1FT7X2B61CEA89009,37.12295515,-104.6696108,US|81082|Colorado|Trinidad|Highway Of Legends [Co-12],Unreliable,0,9CAN621AK,,,,,,,,M,0 km,0:00:00,,,0,,,,,,,,,,,,,,FALSE,,,,,,,,,,,,,,,,FALSE,,FALSE,,,FALSE,,,,,TRUE,,0 mph,,,,,,,,,,,,,,,,,,,,,,
229,304482966,519792538,5/5/2014 10:52,12178,1FT7X2B61CEA89009,37.12295515,-104.6696108,US|81082|Colorado|Trinidad|Highway Of Legends [Co-12],Unreliable,0,9CAN621AK,,,,,,,,M,0 km,0:00:00,,,0,,,,,,,,,,,,,,FALSE,,,,,,,,,,,,,,,FALSE,FALSE,,FALSE,,,FALSE,,,,,TRUE,,1.15077944789197 mph,,,,,,,,,,,,,,,,,,,,,,
230,304482966,519792538,5/5/2014 10:53,12178,1FT7X2B61CEA89009,37.12305305,-104.6676367,US|81082|Colorado|Trinidad|Highway Of Legends [Co-12],Excellent,270,9CAN621AK,,,,,,,,M,0.1 km,0:02:00,,,0,,,,,,,,,,,,,,FALSE,,,,,,,,,,,,,,,FALSE,FALSE,,FALSE,,,FALSE,,,,,FALSE,,0 mph,,,,,,,,,,,,,,,,,,,,,,
231,304482966,519792538,5/5/2014 10:53,12178,1FT7X2B61CEA89009,37.12305305,-104.6676367,US|81082|Colorado|Trinidad|Highway Of Legends [Co-12],Excellent,270,9CAN621AK,,,,,,,,M,0 km,0:00:00,,,0,,,,,,,,,,,,,,FALSE,,,,,,,,,,,,,,,FALSE,FALSE,,FALSE,,,FALSE,,,,,FALSE,,0 mph,,,,,,,,,,,,,,,,,,,,,,
232,304482966,519792538,5/5/2014 10:53,12178,1FT7X2B61CEA89009,37.12305305,-104.6676367,US|81082|Colorado|Trinidad|Highway Of Legends [Co-12],Excellent,270,9CAN621AK,,,,,,,,M,0 km,0:00:00,,,,,,,,,,,,,,,,,FALSE,,,,,,,,,,,,,,,,,,FALSE,,,,,,,,,,0 mph,,,,,,,,0:00:00,,0:00:58,0:01:35,0.06 L,,0:00:00,,0:00:00,,0:00:00,0:00:00,,,
233,216795927,0,5/5/2014 10:53,10871,1FTFW1EV6AFC35570,32.30971603,-102.0392219,US|79782|Texas|Stanton|Rr-87 [Tx-176],Excellent,276,9CANEJN2L,,,,,,,,M,3.5 km,0:03:00,,,24,,,,,,,,,,,,,,FALSE,,,,,,,,,,,,,,,FALSE,FALSE,,FALSE,,,FALSE,OBDII U0102,,,,FALSE,,46.0311779156788 mph,,,,,,,,,,,,,,,,,,,,,,
234,558996722,362399910,5/5/2014 10:52,14193,1FT7X2B65EEA67694,31.95630815,-101.9442355,US|79706|Texas|Midland|E Tx-158 [Tx-158],Excellent,108,9CANAWS6N,,,,,,,,M,5.3 km,0:03:00,,,19,,,,,,,,,,,,,,FALSE,,,,,,,,,,,,,,,FALSE,FALSE,,FALSE,,,FALSE,,,,,FALSE,,63.2928696340584 mph,,,,,,,,,,,,,,,,,,,,,,
235,535631344,592377798,5/5/2014 10:52,14095,1FT7X2B69DEB58420,31.9213697,-102.0223777,US|79706|Texas|Midland|Fm-715,Excellent,344,9CANDIJ3N,,,,,,,,M,2.5 km,0:03:00,,,17,,,,,,,,,,,,,,FALSE,,,,,,,,,,,,,,,FALSE,FALSE,,FALSE,,,FALSE,OBDII B11E8-16,,,,FALSE,,55.2374134988146 mph,,,,,,,,,,,,,,,,,,,,,,
236,535631344,592377798,5/5/2014 10:52,14095,1FT7X2B69DEB58420,31.9213697,-102.0223777,US|79706|Texas|Midland|Fm-715,Excellent,344,9CANDIJ3N,,,,,,,,M,0 km,0:00:00,,,18,,,,,,,,,,,,,,FALSE,,,,,,,,,,,,,,,FALSE,FALSE,,FALSE,,,FALSE,OBDII B11E8-16,,,,FALSE,,55.2374134988146 mph,,,,,,,,0:00:00,15.8 km,0:00:00,0:15:00,2.811 L,,0:00:00,,0:00:00,,0:05:42,0:00:00,,,
237,427635414,478657974,5/5/2014 10:53,12775,1FT7W2BT0DEA19799,28.54330024,-98.18421681,US|78071|Texas|Three Rivers|I-37 N,Excellent,270,9CANAR23M,,,,,,,,M,0 km,0:03:00,,,0,,,,,,,,,,,,,,FALSE,,,,,,,,,,,,,,,FALSE,FALSE,,FALSE,,,FALSE,,,,,FALSE,,0 mph,,,,,,,,,,,,,,,,,,,,,,
238,298037794,0,5/5/2014 10:52,12658,1HTXHAST71J093277,37.12350903,-104.6662943,US|81082|Colorado|Trinidad|Highway Of Legends [Co-12],Excellent,177,4433001288,,,,,,,,L,0 km,0:00:00,,,,,,,,,,,,,,,,,,,,,,0,,,,,,,,,,,,,,,,,,,,,,,0 mph,,,,0 L,,,,,,,,,,,,,,,,,,
